Fecha,Precio,Importe
2013/03/20,18.519158,428319449.53
2013/03/21,18.634143,65653600.29
2013/03/22,18.654435,124350734.85
2013/03/25,18.607087,153093550.25
2013/03/26,18.722074,52554856.28
2013/03/27,18.607087,43638588.64
2013/04/01,18.803235,15120295.97
2013/04/02,18.884404,26185661.5
2013/04/03,18.918221,53863539.98
2013/04/04,18.850582,55699664.93
2013/04/05,18.938513,230584546.33
2013/04/08,18.945275,88846045.7
2013/04/09,19.310519,62016486.94
2013/04/10,19.411974,66529417.5
2013/04/11,19.310519,13916470.3
2013/04/12,19.249645,4997087.15
2013/04/15,19.033204,30168659.87
2013/04/16,19.195534,4909271.93
2013/04/17,19.006148,20811801.9
2013/04/18,18.945275,20737595.9
2013/04/19,19.337574,10905018.76
2013/04/22,19.337574,31116962.87
2013/04/23,19.459322,37117513.52
2013/04/24,19.526957,31769432.95
2013/04/25,19.486377,134919893.55
2013/04/26,19.073787,9533684.5
2013/04/29,19.479612,22163428.44
2013/04/30,19.499905,56958768.32
2013/05/02,19.608124,89050633.68
2013/05/03,19.75016,98457475.44
2013/05/06,19.831328,50876542.29
2013/05/07,19.878676,39109047.37
2013/05/08,19.567542,47762290.94
2013/05/09,19.777218,58467907.89
2013/05/10,20.061296,119549114.96
2013/05/13,19.973367,27100432.34
2013/05/14,20.426538,35301260.21
2013/05/15,20.385957,60731939.79
2013/05/16,20.30479,78205536.71
2013/05/17,20.25068,16767114.55
2013/05/20,20.155989,23253443.85
2013/05/21,20.06806,46383682.73
2013/05/22,19.587833,103738408.78
2013/05/23,20.291264,55428716.59
2013/05/24,21.231425,166140794.78
2013/05/27,21.562849,27294870.67
2013/05/28,21.664306,181687300.07
2013/05/29,21.238189,70285690.28
2013/05/30,21.102914,22691060.4
2013/05/31,20.859418,34022778.33
2013/06/03,20.771488,32886950.49
2013/06/04,20.798544,54903078.34
2013/06/05,20.419774,22788296.85
2013/06/06,20.115405,88130469.37
2013/06/07,20.426538,57385397.82
2013/06/10,20.365664,7449484.2
2013/06/11,20.06806,4411038.46
2013/06/12,19.046732,108980470.89
2013/06/13,18.931748,75175194.45
2013/06/14,18.864112,22588030.78
2013/06/17,18.938513,36058411.08
2013/06/18,19.276699,18936170.24
2013/06/19,18.985858,31596506.97
2013/06/20,18.46505,17359945.82
2013/06/21,17.971296,30317890.82
2013/06/24,16.828219,43852258.25
2013/06/25,16.909386,107675199.19
2013/06/26,17.247573,77536199.26
2013/06/27,17.504596,61811151.95
2013/06/28,18.316249,47451256.54
2013/07/01,18.187738,17628232.27
2013/07/02,18.194499,40104691.59
2013/07/03,18.424463,29359989.42
2013/07/04,18.451522,4065184.03
2013/07/05,18.241844,6331088.66
2013/07/08,18.282427,29111861.04
2013/07/09,18.268902,30844392.38
2013/07/10,18.241844,26550357.19
2013/07/11,18.208025,18884001.73
2013/07/12,18.201265,33901474.42
2013/07/15,18.194499,6152534.94
2013/07/16,18.05246,10834679.82
2013/07/17,18.072752,31315410.3
2013/07/18,18.059226,5874032.19
2013/07/19,18.025406,7564812.5
2013/07/22,18.201265,14763741.57
2013/07/23,18.255374,26855538.5
2013/07/24,18.045696,21841047.83
2013/07/25,18.079515,21297523.82
2013/07/26,18.018641,5892924.74
2013/07/29,17.836019,6982810.77
2013/07/30,17.903657,10963857.2
2013/07/31,18.018641,49843175.55
2013/08/01,18.187738,34024074.95
2013/08/02,18.059226,11410167.32
2013/08/05,17.518125,18058268.44
2013/08/06,17.308447,36687180.67
2013/08/07,16.93644,29347054.94
2013/08/08,16.909386,26650574.04
2013/08/09,16.909386,12020449.25
2013/08/12,16.767347,41178912.79
2013/08/13,16.875568,282752432.88
2013/08/14,17.051425,40507092.73
2013/08/15,16.747054,77294395.79
2013/08/16,16.841747,7154102.07
2013/08/19,16.625306,6785052.44
2013/08/20,16.517087,25041407.94
2013/08/21,16.009807,49957346.63
2013/08/22,16.036861,21056289.3
2013/08/23,15.915114,12725559.47
2013/08/26,15.434886,21781286.33
2013/08/27,14.873494,58425532.19
2013/08/28,14.765274,24012277.75
2013/08/29,15.198156,159124256.47
2013/08/30,15.955696,43484686.95
2013/09/02,15.908349,14253116.17
2013/09/03,15.44165,27197507.9
2013/09/04,15.401068,45876565.72
2013/09/05,15.718965,3645420.19
2013/09/06,16.030098,47678601.84
2013/09/09,16.347994,8249918.63
2013/09/10,16.158611,39348983.37
2013/09/11,16.226246,7728463.09
2013/09/12,16.233014,14412988.4
2013/09/13,16.016571,5214059.22
2013/09/17,16.462977,18281207.77
2013/09/18,16.77411,26506848.02
2013/09/19,17.328738,33616805.9
2013/09/20,17.592528,100565099.4
2013/09/23,17.592528,36432096.99
2013/09/24,17.971296,43835638.31
2013/09/25,17.768382,72619528.36
2013/09/26,17.585762,32648265.4
2013/09/27,17.538413,29436743.25
2013/09/30,17.54518,36057852.25
2013/10/01,17.376087,20514637.47
2013/10/02,17.288156,28352065.1
2013/10/03,16.929678,5623064.95
2013/10/04,17.037896,13299907.5
2013/10/07,17.234046,11533795.85
2013/10/08,17.166407,784608.9
2013/10/09,17.166407,12059357.01
2013/10/10,17.349033,62671551.96
2013/10/11,16.841747,26240910.75
2013/10/14,16.733527,13277541.0
2013/10/15,16.902623,8983951.54
2013/10/16,16.834984,32035521.1
2013/10/17,16.550908,17355418.92
2013/10/18,17.02437,50301824.56
2013/10/21,17.288156,22963971.24
2013/10/22,17.288156,20464559.34
2013/10/23,16.983788,18685889.73
2013/10/24,16.53738,23011053.63
2013/10/25,16.726765,42551312.45
2013/10/28,16.794404,14106469.0
2013/10/29,17.017605,37954432.96
2013/10/30,17.206992,26228582.24
2013/10/31,17.234046,46954819.08
2013/11/01,16.956732,2782781.06
2013/11/04,16.517087,21141682.23
2013/11/05,15.915114,86412519.76
2013/11/06,15.861003,24013524.7
2013/11/07,15.800131,15921142.66
2013/11/08,16.300649,14116312.85
2013/11/11,16.090971,13233549.36
2013/11/12,15.786602,21782644.55
2013/11/13,16.199192,22163431.09
2013/11/14,16.158611,32403007.17
2013/11/15,16.449452,19795160.69
2013/11/19,16.339972,6468916.5
2013/11/20,16.387971,46594066.14
2013/11/21,16.387971,9901164.11
2013/11/22,16.271403,14587040.07
2013/11/25,16.285119,32866634.74
2013/11/26,16.312544,102671497.99
2013/11/27,16.559395,41629927.39
2013/11/28,16.627964,3049199.32
2013/11/29,16.765102,27381707.19
2013/12/02,16.422255,30981288.67
2013/12/03,16.456542,2189167.1
2013/12/04,16.442827,20157373.7
2013/12/05,16.456542,14659272.46
2013/12/06,16.483969,60916268.31
2013/12/09,16.456542,6231176.24
2013/12/10,16.490825,7377972.12
2013/12/11,16.278261,8144319.76
2013/12/13,16.086267,38009019.63
2013/12/16,15.880564,5497990.11
2013/12/17,15.846277,5713683.61
2013/12/18,15.894275,29055403.5
2013/12/19,15.750279,17437938.45
2013/12/20,15.873706,33737904.54
2013/12/23,15.914848,522363221.93
2013/12/24,15.921703,154824404.17
2013/12/26,15.907989,4191839.3
2013/12/27,16.017698,10708646.78
2013/12/30,15.997129,9920269.46
2013/12/31,16.106839,3642347.6
2014/01/02,15.997129,14806136.24
2014/01/03,15.942273,7145923.68
2014/01/06,15.907989,16155317.73
2014/01/07,15.921703,10888514.23
2014/01/08,15.825707,8893416.53
2014/01/09,15.736566,13894234.09
2014/01/10,15.763995,22356954.63
2014/01/13,15.983413,94024140.3
2014/01/14,15.839421,62002331.29
2014/01/15,15.811995,9763569.88
2014/01/16,15.517146,22130762.2
2014/01/17,15.667997,3831392.2
2014/01/20,15.565144,14415243.4
2014/01/21,15.654283,27325214.29
2014/01/22,15.955987,49043815.71
2014/01/23,16.23712,12644345.81
2014/01/24,16.312544,11832729.99
2014/01/27,16.353687,8444411.76
2014/01/28,16.291974,18092755.01
2014/01/29,16.230263,7220216.44
2014/01/30,17.101088,32237112.54
2014/01/31,17.018806,18089425.19
2014/02/04,16.950236,35124232.53
2014/02/05,17.128517,37200307.84
2014/02/06,17.005091,46648823.65
2014/02/07,17.080517,24474466.31
2014/02/10,16.888526,16394878.91
2014/02/11,16.854241,25002451.91
2014/02/12,16.943379,37171916.61
2014/02/13,17.395934,13893883.32
2014/02/14,17.197085,23536170.01
2014/02/17,17.622213,1400930.5
2014/02/18,17.539929,8111427.44
2014/02/19,17.382221,10989594.68
2014/02/20,17.882773,24307201.14
2014/02/21,17.930774,15926163.99
2014/02/24,17.677067,5814354.16
2014/02/25,17.725066,34633653.31
2014/02/26,17.821063,54815713.03
2014/02/27,17.91706,51758633.13
2014/02/28,18.211905,125075453.35
2014/03/03,17.773063,71432442.7
2014/03/04,18.355901,48906388.57
2014/03/05,18.458754,65981433.4
2014/03/06,18.774171,93542409.23
2014/03/07,18.547893,18982252.23
2014/03/10,18.493038,32592611.69
2014/03/11,18.589035,54819533.68
2014/03/12,18.541037,18498691.17
2014/03/13,18.472466,58248797.48
2014/03/14,18.451897,13496073.93
2014/03/18,18.582336,35925078.85
2014/03/19,18.505549,459296059.0
2014/03/20,18.421782,32165300.17
2014/03/21,18.470647,14232953.25
2014/03/24,18.428764,8753379.03
2014/03/25,18.428764,10199498.79
2014/03/26,18.240286,31929330.9
2014/03/27,18.268207,17523458.37
2014/03/28,18.317072,19078227.12
2014/03/31,18.219345,38787705.39
2014/04/01,17.786548,21205300.99
2014/04/02,17.43752,67778232.08
2014/04/03,17.423558,28845057.98
2014/04/04,17.360732,43279522.05
2014/04/07,17.723723,22661266.88
2014/04/08,17.646934,11057326.87
2014/04/09,17.486383,16097888.18
2014/04/10,17.681841,27600700.28
2014/04/11,17.521285,13409360.33
2014/04/14,17.605053,2593350.48
2014/04/15,17.584112,3168297.15
2014/04/16,17.6958,4061096.28
2014/04/21,17.772588,4807264.32
2014/04/22,17.674859,10882821.06
2014/04/23,17.681841,3581966.97
2014/04/24,17.332809,13120011.9
2014/04/25,17.507323,8108088.11
2014/04/28,17.430538,18434277.96
2014/04/29,17.500341,12505014.49
2014/04/30,18.233308,24607944.05
2014/05/02,17.982004,7970230.63
2014/05/05,18.498569,21719714.39
2014/05/06,18.491589,19661738.86
2014/05/07,18.666102,10639910.3
2014/05/08,18.498569,33099454.49
2014/05/09,18.53347,9167140.49
2014/05/12,18.861561,19854285.15
2014/05/13,18.840618,5948392.53
2014/05/14,18.868539,10416914.04
2014/05/15,18.652141,23525012.11
2014/05/16,18.441666,19804337.72
2014/05/19,18.897366,7786623.45
2014/05/20,18.932969,57689630.3
2014/05/21,18.591194,19035458.04
2014/05/22,18.676639,98840347.8
2014/05/23,19.196424,1068153944.56
2014/05/26,19.34595,5189064.0
2014/05/27,19.196424,7754930.45
2014/05/28,19.018414,24122848.58
2014/05/29,18.861766,25518739.52
2014/05/30,18.790563,110972418.29
2014/06/02,18.641036,72293971.32
2014/06/03,18.932969,86384082.85
2014/06/04,18.911609,111238008.6
2014/06/05,18.890248,62859938.12
2014/06/06,19.438512,80039486.43
2014/06/09,19.445633,15715900.94
2014/06/10,19.566681,37440137.67
2014/06/11,19.502597,59747204.36
2014/06/12,19.438512,9619033.45
2014/06/13,19.474115,28217051.97
2014/06/16,19.559559,69829384.29
2014/06/17,19.509717,10562955.57
2014/06/18,19.538199,72253858.56
2014/06/19,19.887097,13221226.67
2014/06/20,19.872856,19132206.88
2014/06/23,20.143426,45534629.51
2014/06/24,20.129188,96016895.79
2014/06/25,20.029502,28612574.08
2014/06/26,20.15055,82776945.55
2014/06/27,20.278713,55754508.73
2014/06/30,20.791377,250899799.23
2014/07/01,20.677452,106526514.52
2014/07/02,20.741535,68650705.62
2014/07/03,20.777137,45961122.97
2014/07/04,20.677452,2078397.28
2014/07/07,20.641851,18676463.22
2014/07/08,20.513684,52864369.19
2014/07/09,20.321436,7979566.46
2014/07/10,20.406879,26490357.24
2014/07/11,20.364157,8245188.34
2014/07/14,20.542165,50124782.81
2014/07/15,20.542165,28458015.57
2014/07/16,20.677452,113370364.8
2014/07/17,20.656091,39820319.26
2014/07/18,20.527927,25756515.25
2014/07/21,20.563529,90986342.23
2014/07/22,20.8341,28652396.12
2014/07/23,21.004987,44371366.6
2014/07/24,21.01923,49429053.76
2014/07/25,21.26132,48715856.5
2014/07/28,21.353885,27805734.22
2014/07/29,21.346764,19693389.2
2014/07/30,21.168755,37721840.3
2014/07/31,21.140273,94538871.19
2014/08/01,21.004987,19611305.3
2014/08/04,21.239957,8585457.49
2014/08/05,21.076192,54248588.13
2014/08/06,21.09043,14101938.04
2014/08/07,21.154515,25498417.43
2014/08/08,21.097553,30355547.11
2014/08/11,21.247079,275213779.04
2014/08/12,21.325404,40898499.64
2014/08/13,21.361006,29980315.47
2014/08/14,21.375245,20350488.69
2014/08/15,21.583495,15855788.76
2014/08/18,21.844848,77191545.72
2014/08/19,22.120721,37792051.0
2014/08/20,22.12798,21552272.48
2014/08/21,21.743212,117782447.74
2014/08/22,21.764991,14995982.96
2014/08/25,21.598012,61678152.73
2014/08/26,21.677874,29799097.15
2014/08/27,21.656093,31832249.61
2014/08/28,21.750472,31196206.08
2014/08/29,21.735951,27036983.98
2014/09/01,21.83759,7129298.47
2014/09/02,21.721431,20994066.82
2014/09/03,21.365698,33505951.63
2014/09/04,21.42378,38876816.77
2014/09/05,21.235023,18072366.48
2014/09/08,21.097086,8214626.23
2014/09/09,20.342061,38622338.55
2014/09/10,20.726833,39197182.44
2014/09/11,20.697795,48239315.55
2014/09/12,20.45822,33609833.42
2014/09/15,20.465479,10140279.73
2014/09/17,20.494517,23549073.52
2014/09/18,19.993589,61125469.63
2014/09/19,21.053526,548032286.87
2014/09/22,21.060786,233163473.12
2014/09/23,21.191463,75117747.43
2014/09/24,21.510896,167600917.82
2014/09/25,21.140644,85666241.25
2014/09/26,21.249541,23552827.8
2014/09/29,21.394739,56570604.28
2014/09/30,21.358438,99670769.29
2014/10/01,21.460077,26949173.15
2014/10/02,21.227762,92153023.48
2014/10/03,21.24228,73190760.62
2014/10/06,21.300362,13200509.28
2014/10/07,21.169684,13607439.4
2014/10/08,21.133385,18224401.21
2014/10/09,21.104344,54377571.32
2014/10/10,20.835732,37617742.79
2014/10/13,21.104344,65628139.07
2014/10/14,21.278581,79967955.35
2014/10/15,21.147903,29472543.71
2014/10/16,21.583495,54196033.99
2014/10/17,21.619793,247086315.3
2014/10/20,21.663352,26342402.32
2014/10/21,22.215099,48776071.93
2014/10/22,22.389337,101645020.99
2014/10/23,22.520014,67169150.01
2014/10/24,22.432895,18917539.15
2014/10/27,22.447414,23133117.99
2014/10/28,22.440155,68495404.25
2014/10/29,22.418376,65146768.36
2014/10/30,22.483713,15497870.65
2014/10/31,22.657951,54158125.99
2014/11/03,22.730549,43067703.36
2014/11/04,22.614391,23909619.69
2014/11/05,22.614391,68524615.88
2014/11/06,22.614391,41106201.53
2014/11/07,22.186063,43459511.43
2014/11/10,22.157022,25429833.65
2014/11/11,22.358436,25478626.83
2014/11/12,21.74779,47454770.46
2014/11/13,22.071506,88924894.63
2014/11/14,22.380506,9959001.33
2014/11/18,22.064151,109490011.95
2014/11/19,21.997934,64965561.07
2014/11/20,22.167149,3842459.5
2014/11/21,22.395221,14179738.06
2014/11/24,22.24072,44239474.87
2014/11/25,21.997934,45506199.57
2014/11/26,21.953791,60089896.81
2014/11/27,22.012648,7035296.96
2014/11/28,22.027363,50759421.55
2014/12/01,21.946435,84793782.57
2014/12/02,21.968505,53657194.64
2014/12/03,22.027363,38315739.13
2014/12/04,22.623292,39855531.67
2014/12/05,22.586508,46243300.71
2014/12/08,22.314292,45794818.3
2014/12/09,21.85079,21895152.43
2014/12/10,21.299005,153825205.62
2014/12/11,21.18129,134911240.57
2014/12/15,21.490288,234395928.04
2014/12/16,21.666862,29720960.02
2014/12/17,22.24072,196034598.16
2014/12/18,22.145078,14212271.61
2014/12/19,21.637435,51639757.59
2014/12/22,22.159792,38758958.07
2014/12/23,22.100936,48309160.14
2014/12/24,22.284863,15429498.73
2014/12/26,22.159792,1252836.02
2014/12/29,22.718936,29488511.39
2014/12/30,22.667436,39113196.62
2014/12/31,22.711579,15737758.24
2015/01/02,22.020006,33602746.96
2015/01/05,22.11565,37720783.55
2015/01/06,22.439364,207763343.98
2015/01/07,22.910224,44386149.77
2015/01/08,23.086796,13309593.37
2015/01/09,22.615937,15641796.55
2015/01/12,23.020581,36438324.33
2015/01/13,23.079437,214911755.49
2015/01/14,23.528225,167246651.82
2015/01/15,23.771011,135032904.39
2015/01/16,23.726869,23584792.37
2015/01/19,23.866654,9091924.14
2015/01/20,24.300729,67415065.41
2015/01/21,24.050584,127876151.44
2015/01/22,24.043225,55990475.82
2015/01/23,23.690082,56734387.74
2015/01/26,23.940225,201715577.7
2015/01/27,23.704797,51520747.41
2015/01/28,23.51351,221779226.48
2015/01/29,23.366367,55582961.34
2015/01/30,23.623868,124227471.28
2015/02/03,23.506153,67032985.7
2015/02/04,23.535582,19483943.25
2015/02/05,23.579726,50476236.59
2015/02/06,23.535582,49305509.55
2015/02/09,23.41051,13383821.47
2015/02/10,23.211868,26878079.34
2015/02/11,23.256011,120352971.74
2015/02/12,23.535582,33190683.59
2015/02/13,23.528225,13948105.64
2015/02/16,23.329582,4296691.79
2015/02/17,23.572369,28792339.43
2015/02/18,23.535582,21270567.08
2015/02/19,23.43994,15984843.11
2015/02/20,23.322224,12524342.59
2015/02/23,23.550297,32110885.22
2015/02/24,23.49144,33548001.44
2015/02/25,23.506153,58125272.03
2015/02/26,23.542939,91349115.09
2015/02/27,23.682724,70653244.32
2015/03/02,23.175081,79858339.19
2015/03/03,22.873435,60690060.94
2015/03/04,22.60858,36031654.97
2015/03/05,22.380506,37154819.03
2015/03/06,22.270149,49995036.99
2015/03/09,22.226006,31626186.24
2015/03/10,22.414536,30246196.68
2015/03/11,23.175616,94789265.14
2015/03/12,23.033846,13573064.49
2015/03/13,22.944307,14064263.85
2015/03/17,23.787465,63738726.04
2015/03/18,23.720309,40662904.6
2015/03/19,23.526311,104397196.9
2015/03/20,23.294999,26541146.1
2015/03/23,23.571079,10379432.96
2015/03/24,23.280078,23415564.36
2015/03/25,22.966691,33053159.93
2015/03/26,22.712999,96369374.78
2015/03/27,22.996539,25934395.82
2015/03/30,23.026384,48338118.82
2015/03/31,23.086077,23589235.81
2015/04/01,23.466616,52516674.23
2015/04/06,23.339769,24255083.36
2015/04/07,23.481542,20425116.5
2015/04/08,23.436772,35268984.8
2015/04/09,23.05623,39269305.97
2015/04/10,23.048769,15687386.04
2015/04/13,22.892078,12677535.9
2015/04/14,23.063692,80030891.24
2015/04/15,22.95177,168089307.03
2015/04/16,22.981615,87503079.19
2015/04/17,23.048769,18307241.14
2015/04/20,23.063692,112020020.01
2015/04/21,23.115923,87312966.29
2015/04/22,23.168154,18640411.14
2015/04/23,23.436772,66598644.49
2015/04/24,23.615848,111631702.13
2015/04/27,23.571079,25496352.58
2015/04/28,23.138309,25552535.8
2015/04/29,22.772691,28754989.72
2015/04/30,22.608538,78012989.08
2015/05/04,22.735384,96941291.59
2015/05/05,22.421999,52399948.54
2015/05/06,22.362306,98158311.13
2015/05/07,22.459305,85739492.15
2015/05/08,22.690614,33393570.43
2015/05/11,22.899537,85978735.19
2015/05/12,22.981435,164776286.48
2015/05/13,22.989018,30268113.9
2015/05/14,22.867704,19506475.66
2015/05/15,23.011766,16697008.56
2015/05/18,23.110332,100437864.75
2015/05/19,23.03451,44356630.33
2015/05/20,23.004181,13035106.12
2015/05/21,23.019344,14652538.07
2015/05/22,22.898031,11343844.29
2015/05/25,22.549255,3655273.69
2015/05/26,22.920777,20628903.98
2015/05/27,22.670568,43740434.13
2015/05/28,22.761554,16894087.07
2015/05/29,22.776718,36661890.29
2015/06/01,22.882868,10310939.94
2015/06/02,22.882868,25508648.97
2015/06/03,23.057256,30388848.03
2015/06/04,22.913195,76895827.65
2015/06/05,22.943524,26833245.61
2015/06/08,22.905615,30495651.0
2015/06/09,22.503761,6598587.84
2015/06/10,22.753971,23709452.35
2015/06/11,22.632657,30109052.87
2015/06/12,22.564419,22507629.16
2015/06/15,22.814628,9914035.1
2015/06/16,22.685733,40283040.99
2015/06/17,22.973851,46646867.76
2015/06/18,23.125496,128627428.17
2015/06/19,23.451528,9650871.71
2015/06/22,23.231645,16409980.73
2015/06/23,23.398452,16609211.1
2015/06/24,23.261974,15542831.65
2015/06/25,23.155824,29146680.3
2015/06/26,23.315048,19573204.5
2015/06/29,23.413616,23644508.28
2015/06/30,23.345377,45308363.75
2015/07/01,22.981435,31975502.06
2015/07/02,23.087585,53511572.52
2015/07/03,23.284719,8898139.63
2015/07/06,23.330214,8186246.21
2015/07/07,23.337794,17167655.22
2015/07/08,23.17857,55932503.26
2015/07/09,23.27714,9879687.02
2015/07/10,23.14066,128979097.85
2015/07/13,23.125496,60583074.57
2015/07/14,23.163405,120767224.57
2015/07/15,22.905615,141072389.9
2015/07/16,22.981435,12597617.18
2015/07/17,22.905615,33146142.74
2015/07/20,23.246809,3839063.43
2015/07/21,23.315048,2934745.5
2015/07/22,23.60317,44946574.45
2015/07/23,23.163405,24284467.49
2015/07/24,23.830634,40267091.11
2015/07/27,23.74723,11613855.88
2015/07/28,24.149082,65496344.29
2015/07/29,24.444786,46142475.84
2015/07/30,24.755654,89817997.14
2015/07/31,24.717742,151674192.18
2015/08/03,24.573681,38326592.94
2015/08/04,24.717742,21787059.79
2015/08/05,24.763236,9744036.11
2015/08/06,24.952789,20350585.67
2015/08/07,24.5661,16019997.32
2015/08/10,24.884549,11141050.61
2015/08/11,25.0967,45448051.72
2015/08/12,24.881147,11423599.67
2015/08/13,24.727179,32693997.62
2015/08/14,24.904241,55891272.73
2015/08/17,24.650194,14550260.08
2015/08/18,24.488529,20600479.26
2015/08/19,24.480829,38883283.34
2015/08/20,24.611703,36275070.41
2015/08/21,24.203689,33397319.35
2015/08/24,23.580121,45427957.46
2015/08/25,23.403058,62238250.14
2015/08/26,23.710994,57677296.22
2015/08/27,23.988135,91799449.22
2015/08/28,24.026627,63742246.62
2015/08/31,24.11131,65937718.96
2015/09/01,24.165197,20322559.89
2015/09/02,23.857261,17344383.45
2015/09/03,24.05742,16920738.27
2015/09/04,24.142103,10984306.28
2015/09/07,24.018928,1654629.84
2015/09/08,23.918848,18993653.27
2015/09/09,23.903452,24622276.2
2015/09/10,23.949642,27305250.7
2015/09/11,23.918848,19705732.83
2015/09/14,24.065119,15730331.07
2015/09/15,24.018928,48106975.54
2015/09/17,23.649405,86619767.79
2015/09/18,23.86496,67243880.71
2015/09/21,23.841865,68668347.31
2015/09/22,23.82647,62719983.32
2015/09/23,23.695597,51568526.33
2015/09/24,23.695597,22347884.88
2015/09/25,23.510836,11495530.68
2015/09/28,23.6802,13404823.28
2015/09/29,23.480042,21210135.07
2015/09/30,23.687897,17382993.98
2015/10/01,23.433853,20964723.86
2015/10/02,23.287584,17371650.16
2015/10/05,23.133613,19107175.08
2015/10/06,23.118218,39726123.18
2015/10/07,23.610913,16936435.2
2015/10/08,23.695597,11144933.21
2015/10/09,23.926548,52570111.74
2015/10/12,23.91115,6928483.26
2015/10/13,24.10361,74080259.86
2015/10/14,23.687897,8643812.28
2015/10/15,23.849564,18883639.65
2015/10/16,24.311464,32171684.72
2015/10/19,24.165197,60299337.0
2015/10/20,24.157499,28328056.48
2015/10/21,24.188292,32428917.05
2015/10/22,23.972738,59360283.85
2015/10/23,23.980438,51958754.82
2015/10/26,23.734088,26353864.47
2015/10/27,23.426153,47018184.61
2015/10/28,23.503137,27010823.06
2015/10/29,23.487739,54027700.64
2015/10/30,23.464644,35718199.64
2015/11/03,23.543905,192740025.14
2015/11/04,23.762846,36358252.56
2015/11/05,23.48135,84414871.48
2015/11/06,23.543905,27138221.58
2015/11/09,23.450072,178301253.57
2015/11/10,23.199856,17622957.06
2015/11/11,23.145122,13730406.01
2015/11/12,23.184218,18732827.47
2015/11/13,23.027829,26050364.51
2015/11/17,23.020012,31361094.49
2015/11/18,22.965277,22778638.44
2015/11/19,23.26241,13354863.77
2015/11/20,23.317144,75502874.93
2015/11/23,23.184218,11088322.99
2015/11/24,23.074746,21404045.19
2015/11/25,22.933999,27056707.84
2015/11/26,22.832349,1434737.29
2015/11/27,22.824529,7309547.16
2015/11/30,22.636866,20809343.63
2015/12/01,22.957457,17999808.39
2015/12/02,22.808888,200047019.96
2015/12/03,22.503938,7062038.58
2015/12/04,22.60559,6384830.6
2015/12/07,22.339734,21331329.21
2015/12/08,21.651634,24724958.57
2015/12/09,21.894032,32766102.55
2015/12/10,21.925309,8604844.83
2015/12/11,21.503069,20143341.03
2015/12/14,21.815839,55739704.24
2015/12/15,22.050418,11141053.51
2015/12/16,22.410106,20748124.6
2015/12/17,22.183347,39080826.36
2015/12/18,21.557803,30550748.8
2015/12/21,21.581262,6696818.25
2015/12/22,22.073877,8392684.38
2015/12/23,22.066059,49374979.29
2015/12/24,22.081695,2382212.17
2015/12/28,22.105155,12243614.84
2015/12/29,21.933129,13670903.69
2015/12/30,21.549982,22265889.76
2015/12/31,21.886215,11623795.58
2016/01/04,21.737647,4306124.92
2016/01/05,21.776743,25425307.72
2016/01/06,21.604718,23540492.15
2016/01/07,21.284128,7469204.82
2016/01/08,21.205935,8921997.84
2016/01/11,21.80802,6767761.61
2016/01/12,21.354502,27147340.08
2016/01/13,21.354502,13575965.31
2016/01/14,21.854936,40431664.13
2016/01/15,21.323225,12334850.07
2016/01/18,21.432695,3436419.4
2016/01/19,21.800203,38417745.18
2016/01/20,21.823658,27242286.73
2016/01/21,22.097334,35625187.98
2016/01/22,21.901854,206319899.76
2016/01/25,21.948767,8029890.34
2016/01/26,21.847117,72327651.79
2016/01/27,21.878394,19888365.73
2016/01/28,22.058237,23083391.84
2016/01/29,22.660325,39178396.54
2016/02/02,22.457021,27176871.2
2016/02/03,22.847987,11717381.07
2016/02/04,22.996553,32543659.91
2016/02/05,22.910542,7938350.71
2016/02/08,22.675962,19674816.1
2016/02/09,22.527396,6006728.1
2016/02/10,22.636866,3422017.81
2016/02/11,22.550854,6326949.43
2016/02/12,22.79325,6354038.24
2016/02/15,22.769794,3579615.86
2016/02/16,23.01219,18542258.12
2016/02/17,23.184218,25660915.79
2016/02/18,22.840167,19538216.87
2016/02/19,22.894901,15675587.68
2016/02/22,23.238953,25388647.73
2016/02/23,23.176399,12555718.94
2016/02/24,23.176399,23196806.54
2016/02/25,23.457892,26783018.41
2016/02/26,23.645555,8467442.11
2016/02/29,24.029855,52721010.61
2016/03/01,24.125118,26003182.77
2016/03/02,24.291827,82559414.58
2016/03/03,24.085427,30811421.19
2016/03/04,24.442658,82091529.41
2016/03/07,23.879023,14590109.35
2016/03/08,23.839332,41624037.63
2016/03/09,24.196563,20484420.09
2016/03/10,23.815517,13661828.78
2016/03/11,24.291827,16686923.5
2016/03/14,24.021916,11148467.83
2016/03/15,24.307701,34946739.89
2016/03/16,24.593488,19666120.11
2016/03/17,24.831644,34047875.91
2016/03/18,25.403215,20912895.78
2016/03/22,24.918969,17570843.68
2016/03/23,25.379402,16038856.65
2016/03/28,25.474663,42585109.77
2016/03/29,25.427031,153199322.55
2016/03/30,25.252385,23908123.22
2016/03/31,25.427031,24577841.55
2016/04/01,25.220631,21219821.13
2016/04/04,25.355586,59264923.21
2016/04/05,24.728443,19246060.05
2016/04/06,24.815768,17269961.77
2016/04/07,25.244446,43362648.81
2016/04/08,25.141246,28884794.59
2016/04/11,25.244446,23385198.57
2016/04/12,24.982475,31162773.19
2016/04/13,24.791951,42977454.22
2016/04/14,24.601427,80733544.99
2016/04/15,24.633182,18076913.57
2016/04/18,24.52998,37768247.48
2016/04/19,24.561734,20637445.64
2016/04/20,24.784012,39298427.83
2016/04/21,24.42678,41200048.68
2016/04/22,24.37915,19261716.87
2016/04/25,23.958407,39478622.16
2016/04/26,24.101302,59572469.85
2016/04/27,24.101302,33122382.21
2016/04/28,24.283889,85945671.0
2016/04/29,25.22857,77179223.11
2016/05/02,25.220631,150089941.38
2016/05/03,25.19268,34051467.49
2016/05/04,25.087844,26687963.33
2016/05/05,25.007201,62612114.92
2016/05/06,24.918495,191959058.96
2016/05/09,24.765275,20062347.99
2016/05/10,24.958816,20851536.57
2016/05/11,24.942689,38121898.53
2016/05/12,24.853982,8238090.52
2016/05/13,24.612056,18457453.53
2016/05/16,24.82979,23024799.53
2016/05/17,24.918495,38882663.76
2016/05/18,24.741084,23305887.0
2016/05/19,24.337871,9636622.18
2016/05/20,24.531413,18562504.46
2016/05/23,24.821726,17716866.58
2016/05/24,24.934624,13592569.41
2016/05/25,24.757208,20195013.62
2016/05/26,25.023332,178989316.31
2016/05/27,24.974947,11605206.87
2016/05/30,24.918495,569735.11
2016/05/31,24.773341,31135252.68
2016/06/01,24.676569,14576230.5
2016/06/02,24.942689,25720020.81
2016/06/03,25.047523,7085737.31
2016/06/06,25.289451,69752029.65
2016/06/07,25.039459,261832076.79
2016/06/08,24.644311,39698644.64
2016/06/09,24.692698,23304816.87
2016/06/10,24.394319,29372892.31
2016/06/13,24.426576,41265455.65
2016/06/14,24.200779,89258171.42
2016/06/15,24.499155,7627582.08
2016/06/16,24.483026,33696067.97
2016/06/17,24.45077,64120459.74
2016/06/20,24.878176,24517059.99
2016/06/21,24.595927,49070491.18
2016/06/22,24.781404,17579509.73
2016/06/23,24.837852,25957839.1
2016/06/24,24.176586,23222773.22
2016/06/27,23.773376,20052862.25
2016/06/28,24.216906,9842594.62
2016/06/29,24.733019,38571321.57
2016/06/30,24.918495,52696457.19
2016/07/01,24.466898,26788584.17
2016/07/04,24.555606,2462068.02
2016/07/05,24.612056,16148604.83
2016/07/06,24.563668,25437885.3
2016/07/07,24.144329,31838799.3
2016/07/08,24.329807,8731054.42
2016/07/11,24.442705,24131514.82
2016/07/12,24.386255,99981132.79
2016/07/13,24.426576,12834453.33
2016/07/14,24.668503,43156231.28
2016/07/15,24.555606,70545011.42
2016/07/18,25.007201,47797331.61
2016/07/19,24.523346,14593095.51
2016/07/20,24.539476,39486401.83
2016/07/21,24.684632,334454145.24
2016/07/22,24.991072,34712015.9
2016/07/25,24.934624,7194353.37
2016/07/26,24.942689,7655173.08
2016/07/27,25.120101,25383759.74
2016/07/28,25.023332,17277272.85
2016/07/29,25.087844,18060268.64
2016/08/01,24.797531,89723816.85
2016/08/02,24.957982,94535581.58
2016/08/03,25.08121,31865173.47
2016/08/04,25.06478,11760832.69
2016/08/05,25.097641,17306060.75
2016/08/08,25.270163,26944738.07
2016/08/09,25.327668,253887102.69
2016/08/10,25.319454,194188493.07
2016/08/11,25.196225,27170931.49
2016/08/12,25.179794,153647104.51
2016/08/15,25.426253,15118836.32
2016/08/16,25.155149,12158510.85
2016/08/17,24.530788,19320163.52
2016/08/18,24.916905,43770147.67
2016/08/19,24.703308,13759528.45
2016/08/22,25.023704,9348405.44
2016/08/23,24.8594,16163608.53
2016/08/24,25.335884,11661074.97
2016/08/25,25.368747,53744532.13
2016/08/26,24.982627,15180268.37
2016/08/29,24.957982,10603852.6
2016/08/30,25.450897,7583723.56
2016/08/31,25.919168,153566514.33
2016/09/01,25.853445,32509601.69
2016/09/02,25.927383,25241649.23
2016/09/05,25.98489,2224236.18
2016/09/06,25.557697,17435768.38
2016/09/07,25.910952,14786753.85
2016/09/08,25.459113,10094200.53
2016/09/09,25.138716,17302790.89
2016/09/12,25.056565,23495545.88
2016/09/13,24.966196,27886857.07
2016/09/14,24.785461,25263865.81
2016/09/15,25.105857,29858748.46
2016/09/19,25.450897,59899396.95
2016/09/20,25.37696,14042292.79
2016/09/21,25.541266,27641706.09
2016/09/22,26.01775,104904410.29
2016/09/23,26.280639,40530729.75
2016/09/26,26.214918,49668205.15
2016/09/27,26.502452,24998801.4
2016/09/28,26.913214,16682090.39
2016/09/29,26.461376,8316034.05
2016/09/30,26.371007,22842280.25
2016/10/03,27.299333,52236021.91
2016/10/04,26.896786,43927263.81
2016/10/05,26.929644,63731192.19
2016/10/06,26.674973,99412776.23
2016/10/07,26.3135,26743538.59
2016/10/10,26.798202,23306280.72
2016/10/11,26.87214,55636558.92
2016/10/12,26.666759,15096654.2
2016/10/13,26.781772,9308678.97
2016/10/14,26.773555,14101641.49
2016/10/17,26.716049,5523621.79
2016/10/18,26.559959,13992679.58
2016/10/19,26.880354,26992249.9
2016/10/20,26.527097,4044714.66
2016/10/21,26.042396,25857312.39
2016/10/24,26.362792,17974462.23
2016/10/25,26.091689,15406836.12
2016/10/26,25.631635,40902695.39
2016/10/27,25.886308,63339175.43
2016/10/28,25.615203,21724344.39
2016/10/31,25.730217,17820618.56
2016/11/01,25.57981,32301445.15
2016/11/03,25.320414,31732490.91
2016/11/04,25.655119,28581494.18
2016/11/07,26.098601,131129101.76
2016/11/08,26.357997,37234139.78
2016/11/09,25.102857,105240666.5
2016/11/10,23.429332,64110204.25
2016/11/11,23.738933,60252959.77
2016/11/14,23.521376,80465260.06
2016/11/15,23.722197,41493348.64
2016/11/16,23.688728,35848536.66
2016/11/17,23.446067,117013876.75
2016/11/18,22.843599,50155153.45
2016/11/22,22.299704,28749446.81
2016/11/23,21.655396,47414088.44
2016/11/24,22.651143,9937341.85
2016/11/25,22.985848,49595008.09
2016/11/28,23.387494,47445243.45
2016/11/29,23.546478,43096471.88
2016/11/30,23.71383,26881407.5
2016/12/01,23.839345,72315379.58
2016/12/02,24.257726,28855933.65
2016/12/05,23.446067,40513780.62
2016/12/06,23.563213,40352221.45
2016/12/07,24.06527,34695494.24
2016/12/08,24.056903,20543822.89
2016/12/09,23.630154,19096243.74
2016/12/13,24.257726,53519303.29
2016/12/14,23.839345,12623115.84
2016/12/15,23.362391,22511358.09
2016/12/16,23.747301,38515233.33
2016/12/19,23.688728,18705999.49
2016/12/20,23.102995,59767981.4
2016/12/21,22.458688,52562137.28
2016/12/22,22.006836,53922857.12
2016/12/23,21.772543,62703370.96
2016/12/26,22.065409,1482371.45
2016/12/27,21.822749,12069589.91
2016/12/28,21.697234,15099905.47
2016/12/29,21.630294,36621531.9
2016/12/30,21.856219,20210272.74
2017/01/02,22.207659,242286.54
2017/01/03,22.316438,5811619.3
2017/01/04,22.257866,29018577.37
2017/01/05,22.190925,19417140.08
2017/01/06,21.789279,54522336.14
2017/01/09,21.379265,19335203.0
2017/01/10,21.287222,39164170.35
2017/01/11,20.960885,32148464.77
2017/01/12,21.479677,40190993.31
2017/01/13,21.973367,17997643.05
2017/01/16,21.764176,1433627.63
2017/01/17,21.069663,22537707.58
2017/01/18,22.467054,62956929.21
2017/01/19,22.408482,44929609.21
2017/01/20,22.743188,15565300.58
2017/01/23,23.513009,21091575.03
2017/01/24,24.441813,45347242.33
2017/01/25,25.102857,87467460.74
2017/01/26,24.726313,53839791.5
2017/01/27,24.366505,50345789.84
2017/01/30,24.031802,64179598.89
2017/01/31,24.140581,14105963.03
2017/02/01,23.923019,11164219.7
2017/02/02,23.923019,36643480.98
2017/02/03,24.023432,15105765.62
2017/02/07,24.132213,37838467.45
2017/02/08,23.948125,8112313.0
2017/02/09,23.830977,12860314.41
2017/02/10,24.425079,18919872.48
2017/02/13,24.634268,5985758.34
2017/02/14,24.224257,19466468.96
2017/02/15,24.215888,7494631.94
2017/02/16,23.88955,29444165.82
2017/02/17,23.864448,21358933.77
2017/02/20,24.257726,10897896.12
2017/02/21,23.772404,269226387.23
2017/02/22,23.931389,17072616.8
2017/02/23,24.006697,17504915.09
2017/02/24,24.684475,27054027.28
2017/02/27,24.893665,29609883.99
2017/02/28,24.876929,186316064.7
2017/03/01,25.069385,30706815.04
2017/03/02,25.119591,25599670.83
2017/03/03,25.161428,10216480.87
2017/03/06,25.596545,25711716.19
2017/03/07,25.412457,19057637.13
2017/03/08,25.471619,13201874.92
2017/03/09,25.463066,12624962.05
2017/03/10,25.805197,30343379.94
2017/03/13,25.839409,19064608.53
2017/03/14,25.625578,8083318.83
2017/03/15,25.454513,20680818.36
2017/03/16,25.839409,34288542.15
2017/03/17,26.078902,38501662.22
2017/03/21,25.668345,37008575.56
2017/03/22,25.770984,11522472.43
2017/03/23,26.155879,6838803.8
2017/03/24,25.839409,45782970.71
2017/03/27,26.386819,16260300.91
2017/03/28,26.480905,9892358.48
2017/03/29,26.2072,14422155.21
2017/03/30,26.121668,53016516.86
2017/03/31,26.190093,75615014.07
2017/04/03,26.292732,64104134.75
2017/04/04,26.395372,35197662.89
2017/04/05,26.891463,66059834.19
2017/04/06,26.848694,74565648.12
2017/04/07,26.463798,113182559.83
2017/04/10,26.754609,46512954.63
2017/04/11,26.763163,183568556.36
2017/04/12,26.694738,10029811.52
2017/04/17,26.694738,26997047.04
2017/04/18,26.660522,45141945.81
2017/04/19,26.703289,162898996.61
2017/04/20,26.951334,40142700.42
2017/04/21,26.840141,102788350.24
2017/04/24,26.865802,11063586.63
2017/04/25,27.190826,173236075.35
2017/04/26,27.079632,22529301.28
2017/04/27,27.088186,6990666.03
2017/04/28,27.165166,19562736.94
2017/05/02,27.875088,52427276.91
2017/05/03,27.781,18335359.09
2017/05/04,27.627043,39931495.07
2017/05/05,28.080366,36722335.78
2017/05/08,28.388282,32056717.12
2017/05/09,28.24103,20138464.24
2017/05/10,28.81845,81556415.77
2017/05/11,28.617228,11726465.87
2017/05/12,28.52099,17508123.4
2017/05/15,28.888439,23630219.03
2017/05/16,28.582233,54652217.03
2017/05/17,28.564735,16620798.78
2017/05/18,28.564735,25536154.55
2017/05/19,28.94968,44577920.06
2017/05/22,28.993423,258422591.36
2017/05/23,28.652222,20099251.92
2017/05/24,28.512243,98674307.42
2017/05/25,28.52099,32131568.87
2017/05/26,28.38101,21761022.86
2017/05/29,28.354764,2107483.3
2017/05/30,27.847336,21051481.78
2017/05/31,27.497385,40017527.99
2017/06/01,27.759848,28236090.16
2017/06/02,27.479886,13812659.55
2017/06/05,28.59973,55141244.62
2017/06/06,28.468499,21202607.99
2017/06/07,28.669721,15443193.71
2017/06/08,28.433502,28232275.92
2017/06/09,28.372262,43313152.67
2017/06/12,28.328518,13729118.16
2017/06/13,28.617228,15180589.98
2017/06/14,28.302272,19642759.02
2017/06/15,28.643474,58757715.36
2017/06/16,28.538489,66239465.43
2017/06/19,29.063413,31053991.87
2017/06/20,29.255887,28797653.41
2017/06/21,29.789562,50977336.79
2017/06/22,29.59709,45904128.56
2017/06/23,29.693326,161237584.4
2017/06/26,29.850803,29857759.1
2017/06/27,29.299632,83916766.62
2017/06/28,29.185897,226775159.65
2017/06/29,28.660972,54890837.97
2017/06/30,29.229642,115649237.17
2017/07/03,28.888439,47400033.91
2017/07/04,29.028419,24274537.1
2017/07/05,28.722213,121825708.12
2017/07/06,27.59362,48389545.12
2017/07/07,27.716104,27199005.49
2017/07/10,27.611118,29670741.84
2017/07/11,27.199925,22080345.05
2017/07/12,27.348657,170309943.78
2017/07/13,27.899827,36300828.81
2017/07/14,28.02231,56271602.21
2017/07/17,28.013561,35525853.48
2017/07/18,27.191178,74106074.85
2017/07/19,26.648755,107716595.29
2017/07/20,27.208674,555776635.36
2017/07/21,27.243671,304749852.53
2017/07/24,27.269916,41881203.78
2017/07/25,27.296162,24541565.4
2017/07/26,27.243671,36511168.4
2017/07/27,27.497385,142172249.0
2017/07/28,27.357404,57027402.0
2017/07/31,27.121189,77062114.37
2017/08/01,27.182429,27092686.13
2017/08/02,27.374903,50856267.63
2017/08/03,27.514882,49797552.28
2017/08/04,27.742351,135309442.49
2017/08/07,28.004814,130739205.12
2017/08/08,28.26491,209105936.32
2017/08/09,28.238186,56289537.65
2017/08/10,27.872959,40590305.85
2017/08/11,28.229278,37697367.46
2017/08/14,28.131291,25286141.01
2017/08/15,28.068934,77578055.41
2017/08/16,28.051118,58498222.43
2017/08/17,27.864051,25949576.27
2017/08/18,28.175831,52586082.78
2017/08/21,28.211462,22481819.47
2017/08/22,28.229278,57208188.19
2017/08/23,28.006578,14949124.49
2017/08/24,27.890776,52185745.88
2017/08/25,27.837328,36778225.79
2017/08/28,27.685893,83249637.46
2017/08/29,27.374115,18478049.88
2017/08/30,27.329575,17976612.07
2017/08/31,27.080153,78850622.24
2017/09/01,27.605722,75728023.05
2017/09/04,27.525551,35387657.43
2017/09/05,27.543366,66033376.27
2017/09/06,27.338483,25956219.89
2017/09/07,27.48101,23411320.72
2017/09/08,27.48101,14317496.74
2017/09/11,27.659169,24413675.09
2017/09/12,28.024396,56654091.28
2017/09/13,27.872959,32472238.74
2017/09/14,27.837328,73007265.68
2017/09/15,27.445377,56396583.64
2017/09/18,27.133599,30493402.98
2017/09/19,27.409746,6175309.04
2017/09/20,27.748248,23163582.22
2017/09/21,27.436471,11993476.37
2017/09/22,27.489917,22507999.5
2017/09/25,27.400839,35186052.82
2017/09/26,27.365208,27379449.77
2017/09/27,27.151416,29683844.03
2017/09/28,27.151416,41209673.13
2017/09/29,27.970948,65610477.96
2017/10/02,27.828421,25571106.8
2017/10/03,27.953131,17541907.09
2017/10/04,27.792789,35428995.67
2017/10/05,27.703709,18467770.18
2017/10/06,27.810603,10659231.09
2017/10/09,27.757157,18230088.86
2017/10/10,27.374115,15511419.25
2017/10/11,26.866362,42585619.42
2017/10/12,26.901994,37395097.8
2017/10/13,26.919809,32962425.6
2017/10/16,26.973258,14147904.81
2017/10/17,28.362897,27123014.12
2017/10/18,27.819512,24316104.58
2017/10/19,27.534458,32538634.52
2017/10/20,27.320668,10678416.47
2017/10/23,27.26722,11273450.08
2017/10/24,27.374115,16592966.66
2017/10/25,26.75056,37620959.98
2017/10/26,26.064646,21168387.93
2017/10/27,26.581307,29380599.56
2017/10/30,26.536768,24646865.56
2017/10/31,26.287344,27193465.91
2017/11/01,26.216082,42905361.41
2017/11/03,26.153726,37460353.35
2017/11/06,26.483319,17683161.25
2017/11/07,26.447689,28266650.78
2017/11/08,26.800212,60194532.68
2017/11/09,26.72768,17080006.31
2017/11/10,26.591685,28109346.42
2017/11/13,26.618885,90807335.09
2017/11/14,26.510088,53916466.57
2017/11/15,26.32876,21731501.28
2017/11/16,26.265295,14376295.61
2017/11/17,26.52822,16482997.95
2017/11/21,27.534589,31317844.9
2017/11/22,26.918075,14770055.02
2017/11/23,27.035938,3538730.05
2017/11/24,26.818345,15463206.5
2017/11/27,26.78208,14823056.76
2017/11/28,27.1538,50919757.31
2017/11/29,27.425791,18838790.49
2017/11/30,27.652451,34124792.31
2017/12/01,27.806579,21197029.96
2017/12/04,27.770314,35978306.24
2017/12/05,27.743115,74951815.85
2017/12/06,27.471123,52207877.49
2017/12/07,27.199132,39095314.98
2017/12/08,27.715916,11919715.16
2017/12/11,27.770314,41286074.24
2017/12/13,28.241766,61877044.29
2017/12/14,28.359629,77796488.88
2017/12/15,27.734048,207744546.77
2017/12/18,28.042305,46949927.98
2017/12/19,27.625253,18676388.49
2017/12/20,27.289796,17076692.85
2017/12/21,26.909008,21499167.83
2017/12/22,27.190066,19435265.86
2017/12/26,26.754881,15372511.79
2017/12/27,27.108468,13163729.5
2017/12/28,27.090335,4300256.76
2017/12/29,27.135669,1543621.36
2018/01/02,27.842846,13030586.1
2018/01/03,27.289796,32535531.26
2018/01/04,27.335129,35744503.9
2018/01/05,27.48019,73071431.37
2018/01/08,27.344195,30339088.25
2018/01/09,26.791146,74936152.36
2018/01/10,26.437558,28330894.15
2018/01/11,26.065835,22300660.89
2018/01/12,26.383159,27108423.03
2018/01/15,26.48289,4746147.26
2018/01/16,26.410358,49291421.28
2018/01/17,26.319693,134807138.35
2018/01/18,26.501022,87692424.29
2018/01/19,26.156499,30390157.41
2018/01/22,26.147433,130240250.91
2018/01/23,26.156499,45373056.48
2018/01/24,26.301561,111958508.69
2018/01/25,26.401291,50436154.64
2018/01/26,26.35596,39290655.43
2018/01/29,25.975172,29532431.88
2018/01/30,25.757578,17536238.9
2018/01/31,25.775711,52562850.96
2018/02/01,25.521853,19261186.23
2018/02/02,25.34959,31524377.4
2018/02/06,25.422123,29865989.55
2018/02/07,25.621583,67713464.34
2018/02/08,25.122932,45940564.83
2018/02/09,24.705879,27298125.69
2018/02/12,24.488286,28767908.6
2018/02/13,24.805609,37650707.68
2018/02/14,24.660547,18953078.29
2018/02/15,24.452021,31391019.39
2018/02/16,24.234428,29778665.94
2018/02/19,24.388556,11361119.92
2018/02/20,24.343224,19318012.96
2018/02/21,23.980569,38870094.91
2018/02/22,24.533617,42482627.98
2018/02/23,24.678681,33042452.98
2018/02/26,24.87814,19458022.23
2018/02/27,25.014135,33368046.45
2018/02/28,25.621583,65544526.14
2018/03/01,25.50372,31198495.65
2018/03/02,25.413056,68675835.04
2018/03/05,25.367724,22134441.56
2018/03/06,25.666914,54917252.3
2018/03/07,25.657848,14284417.25
2018/03/08,26.188828,94722621.67
2018/03/09,26.559512,37460090.94
2018/03/12,27.032134,71548196.91
2018/03/13,27.282345,32197976.56
2018/03/14,27.356482,75252700.19
2018/03/15,27.504756,42506957.35
2018/03/16,27.152606,43662433.04
2018/03/20,27.375016,21324485.56
2018/03/21,28.375863,62386818.73
2018/03/22,28.246124,40307933.91
2018/03/23,27.949577,21222116.78
2018/03/26,28.116383,19959902.43
2018/03/27,28.283192,19193031.11
2018/03/28,28.023714,54160501.03
2018/04/02,27.412085,30367003.35
2018/04/03,28.375863,50163669.93
2018/04/04,28.088584,74291501.81
2018/04/05,28.644609,42038014.75
2018/04/06,28.023714,19115737.67
2018/04/09,27.856906,35479610.57
2018/04/10,27.829103,15056736.95
2018/04/11,27.977379,20550208.32
2018/04/12,27.884707,30309130.45
2018/04/13,27.801302,21014439.5
2018/04/16,27.625228,28308667.6
2018/04/17,28.107117,29357926.62
2018/04/18,27.866173,11471777.9
2018/04/19,28.412931,19641373.08
2018/04/20,27.764234,14490304.49
2018/04/23,28.162719,29324739.36
2018/04/24,27.680831,25653387.74
2018/04/25,27.52329,37825580.01
2018/04/26,27.0414,18757919.38
2018/04/27,26.670717,30885957.62
2018/04/30,27.634495,33251398.51
2018/05/02,27.792036,24162100.75
2018/05/03,27.504756,31075920.42
2018/05/04,27.300879,16102829.94
2018/05/07,26.503909,20897367.2
2018/05/08,26.550314,26113583.14
2018/05/09,26.474483,52553758.34
2018/05/10,27.109567,22146289.35
2018/05/11,26.882074,30927548.81
2018/05/14,26.976862,17599136.27
2018/05/15,27.555074,22294431.14
2018/05/16,27.16644,21925955.21
2018/05/17,26.284906,49694075.98
2018/05/18,25.716173,34733558.21
2018/05/21,25.877313,19177689.93
2018/05/22,26.957905,22960131.17
2018/05/23,28.389215,50211826.72
2018/05/24,27.630905,41009344.18
2018/05/25,27.280187,8197525.54
2018/05/28,27.100088,4477505.97
2018/05/29,26.559792,27934162.6
2018/05/30,26.588229,15586164.24
2018/05/31,26.929468,36434593.89
2018/06/01,26.626145,14748744.46
2018/06/04,26.919989,18054213.19
2018/06/05,26.1522,50010723.76
2018/06/06,25.564511,33856191.01
2018/06/07,25.213793,27511590.05
2018/06/08,25.545553,13872633.72
2018/06/11,25.668778,11634998.37
2018/06/12,25.649821,13540442.66
2018/06/13,25.57399,24917919.42
2018/06/14,25.308582,37562189.24
2018/06/15,25.024215,42321083.55
2018/06/18,25.07161,13258196.36
2018/06/19,25.07161,13266673.36
2018/06/20,25.005258,21617775.77
2018/06/21,24.777765,16337145.8
2018/06/22,24.692455,27556563.51
2018/06/25,24.796723,28584428.59
2018/06/26,24.815681,46922648.1
2018/06/27,24.957863,24465491.85
2018/06/28,25.213793,49408135.72
2018/06/29,25.668778,37894891.34
2018/07/02,25.327539,23764340.06
2018/07/03,25.213793,16597759.82
2018/07/04,25.412849,14501023.94
2018/07/05,26.265947,20890136.43
2018/07/06,26.739891,38573873.7
2018/07/09,26.929468,22393025.5
2018/07/10,26.408131,32759405.6
2018/07/11,26.028976,26091958.64
2018/07/12,25.886792,13182344.29
2018/07/13,25.801483,9685173.4
2018/07/16,26.028976,7034530.8
2018/07/17,26.180638,40912695.88
2018/07/18,26.446046,68704434.58
2018/07/19,26.692497,10151041.88
2018/07/20,26.910511,18971067.52
2018/07/23,27.109567,15027598.85
2018/07/24,26.910511,16909724.09
2018/07/25,27.071652,41293005.44
2018/07/26,26.701975,31344085.83
2018/07/27,26.758849,18166487.11
2018/07/30,27.156961,16253084.66
2018/07/31,27.441328,23685132.38
2018/08/01,27.450806,10990535.64
2018/08/02,27.33706,9873302.99
2018/08/03,27.66882,16640313.4
2018/08/06,27.460285,29904007.3
2018/08/07,27.967371,33563656.94
2018/08/08,27.5788,37505569.94
2018/08/09,27.6468,15440915.18
2018/08/10,27.025087,9898036.47
2018/08/13,27.588514,6988881.41
2018/08/14,27.734228,43870996.48
2018/08/15,27.462229,6900128.27
2018/08/16,27.501086,20837394.76
2018/08/17,27.792514,12991052.59
2018/08/20,27.666229,9886093.39
2018/08/21,27.384515,61994726.58
2018/08/22,27.5788,47097961.84
2018/08/23,27.9188,38182059.51
2018/08/24,28.317084,32898517.35
2018/08/27,27.996514,80118790.28
2018/08/28,27.6468,16458223.99
2018/08/29,27.996514,25588264.18
2018/08/30,27.831371,18276110.21
2018/08/31,27.89937,34612994.47
2018/09/03,27.909086,4341576.68
2018/09/04,27.539943,11431429.27
2018/09/05,27.267943,25135191.88
2018/09/06,27.355371,19787232.97
2018/09/07,27.384515,14412079.55
2018/09/10,26.98623,21006479.68
2018/09/11,27.015372,22920482.9
2018/09/12,27.539943,45874281.26
2018/09/13,27.753657,71466444.39
2018/09/14,27.607942,11312546.88
2018/09/17,27.549657,18639141.61
2018/09/18,27.5788,32745969.57
2018/09/19,27.530229,50237052.13
2018/09/20,28.122799,106280050.05
2018/09/21,27.685657,39225971.05
2018/09/24,27.326229,17410036.98
2018/09/25,27.394229,35007964.56
2018/09/26,27.637086,33159655.03
2018/09/27,27.267943,19499210.44
2018/09/28,27.889656,27598913.23
2018/10/01,28.287942,13526226.42
2018/10/02,28.161656,21969243.96
2018/10/03,28.336513,42619007.06
2018/10/04,27.326229,17602160.52
2018/10/05,27.5108,12575780.57
2018/10/08,27.248515,9004479.46
2018/10/09,26.636516,95845738.1
2018/10/10,26.364517,30650957.44
2018/10/11,26.218803,181067276.32
2018/10/12,26.626802,11678640.47
2018/10/15,26.150803,23741790.65
2018/10/16,26.529659,36777166.42
2018/10/17,26.995944,17902946.65
2018/10/18,26.170231,15869751.28
2018/10/19,26.179946,9221845.61
2018/10/22,25.694232,20753032.25
2018/10/23,25.305662,34121926.29
2018/10/24,25.082234,16870857.53
2018/10/25,25.072519,40082685.31
2018/10/26,25.567947,19147302.03
2018/10/29,24.518806,25909554.51
2018/10/30,23.838808,57015763.91
2018/10/31,23.994236,24582168.89
2018/11/01,24.528521,20724689.35
2018/11/05,24.509092,91112514.91
2018/11/06,23.858237,24254732.57
2018/11/07,24.460521,72755184.33
2018/11/08,23.421094,129440786.9
2018/11/09,23.867951,41640031.77
2018/11/12,23.731951,5375258.47
2018/11/13,23.41138,8716260.46
2018/11/14,23.536898,42388093.59
2018/11/15,24.339403,19623573.9
2018/11/16,24.515563,45994106.75
2018/11/20,24.02623,21975948.31
2018/11/21,23.536898,11309138.09
2018/11/22,23.615191,166007.82
2018/11/23,22.881192,11287540.84
2018/11/26,22.812686,16973258.58
2018/11/27,22.822472,17147539.26
2018/11/28,24.730869,24446975.5
2018/11/29,24.975536,26801922.56
2018/11/30,25.484442,39845244.4
2018/12/03,24.701509,40553976.57
2018/12/04,23.527111,46733715.81
2018/12/05,23.654338,27386687.63
2018/12/06,24.17303,30240212.45
2018/12/07,23.791351,27034032.01
2018/12/10,23.810924,21008261.5
2018/12/11,24.006657,52674807.32
2018/12/13,24.867883,71897891.09
2018/12/14,24.270897,9280018.21
2018/12/17,24.08495,10750925.08
2018/12/18,24.574283,12785108.99
2018/12/19,23.947937,17164980.58
2018/12/20,23.801137,16305244.36
2018/12/21,23.478178,34595947.61
2018/12/24,23.527111,2954133.44
2018/12/26,23.008419,31852933.85
2018/12/27,23.106285,19180128.43
2018/12/28,23.037779,24293668.62
2018/12/31,22.861619,12320101.74
2019/01/02,24.094737,18764647.35
2019/01/03,23.99687,12242788.51
2019/01/04,24.46663,11076678.86
2019/01/07,24.124097,8329011.76
2019/01/08,24.17303,13631506.33
2019/01/09,24.505776,33581293.54
2019/01/10,24.779803,15137729.55
2019/01/11,24.515563,27467880.05
2019/01/14,24.163244,8887637.36
2019/01/15,23.527111,22119889.65
2019/01/16,24.016444,32483971.06
2019/01/17,24.417697,28271234.99
2019/01/18,25.269135,36886126.97
2019/01/21,25.249562,1366426.5
2019/01/22,24.64279,15920557.19
2019/01/23,24.251323,13437585.97
2019/01/24,24.574283,22500371.2
2019/01/25,25.122335,29143901.29
2019/01/28,25.729108,39356129.48
2019/01/29,26.179294,26923844.54
2019/01/30,26.120574,31885535.64
2019/01/31,26.697986,58061325.42
2019/02/01,26.619693,18389748.26
2019/02/05,27.412412,27279822.21
2019/02/06,27.500492,23786922.18
2019/02/07,27.304759,70835179.37
2019/02/08,27.089452,24754812.31
2019/02/11,27.011159,29950539.25
2019/02/12,27.020946,18254174.32
2019/02/13,26.101001,11886581.17
2019/02/14,26.5414,27019366.25
2019/02/15,26.923079,19165723.98
2019/02/18,26.502253,7417542.82
2019/02/19,26.727346,21412453.17
2019/02/20,26.903506,16107569.58
2019/02/21,27.050306,29056065.56
2019/02/22,27.441772,15946731.54
2019/02/25,27.226466,25302335.7
2019/02/26,27.568998,43891528.53
2019/02/27,27.510279,9493437.66
2019/02/28,27.970251,29942398.32
2019/03/01,28.087691,30655446.66
2019/03/04,27.833238,12193639.23
2019/03/05,28.185557,30152760.21
2019/03/06,27.285186,42171652.75
2019/03/07,26.981799,298595879.07
2019/03/08,27.520065,22687887.71
2019/03/11,27.549425,11616395.81
2019/03/12,28.117051,45138227.29
2019/03/13,27.803878,21673814.8
2019/03/14,27.999611,51078003.43
2019/03/15,28.400864,70478770.97
2019/03/19,28.61617,53296005.11
2019/03/20,28.88041,33277701.44
2019/03/21,29.05657,27978789.73
2019/03/22,29.301236,30768423.27
2019/03/25,29.095716,12040181.04
2019/03/26,28.93913,13053099.67
2019/03/27,28.899983,10613568.97
2019/03/28,28.93913,17334982.28
2019/03/29,29.340382,16078190.67
2019/04/01,29.692702,25545858.08
2019/04/02,28.90977,13171716.05
2019/04/03,29.232729,11244091.82
2019/04/04,29.810142,19251478.77
2019/04/05,29.810142,46429192.92
2019/04/08,29.810142,18751947.84
2019/04/09,29.790568,14611248.36
2019/04/10,29.986301,12276450.75
2019/04/11,29.859075,11930701.19
2019/04/12,29.878648,17284342.47
2019/04/15,29.457822,17696241.32
2019/04/16,30.367981,7871690.06
2019/04/17,29.448036,16350048.58
2019/04/22,30.005875,8531796.25
2019/04/23,29.496969,10069825.73
2019/04/24,29.457822,10100795.11
2019/04/25,29.849288,50229789.49
2019/04/26,29.849288,62312084.41
2019/04/29,30.045021,723714785.91
2019/04/30,30.857313,30407429.68
2019/05/02,31.307499,18899879.82
2019/05/03,31.395579,20013766.41
2019/05/06,31.21942,59277702.43
2019/05/07,30.123315,33997762.66
2019/05/08,29.937368,25751600.65
2019/05/09,30.182034,32475419.8
2019/05/10,29.496969,40760111.04
2019/05/13,29.487182,39008717.63
2019/05/14,29.888435,49862550.18
2019/05/15,30.573501,23274310.24
2019/05/16,30.025448,27619383.22
2019/05/17,29.496969,8946770.78
2019/05/20,29.712275,11827946.78
2019/05/21,29.927582,22994198.56
2019/05/22,29.947155,38558444.9
2019/05/23,29.868862,44965869.88
2019/05/24,29.751422,117593218.44
2019/05/27,29.770995,5246397.79
2019/05/28,29.614409,45333571.68
2019/05/29,29.614409,57643052.35
2019/05/30,29.604622,18297681.08
2019/05/31,29.301236,145840640.18
2019/06/03,28.55745,80250344.35
2019/06/04,29.320809,35044731.6
2019/06/05,29.359956,22871832.2
2019/06/06,29.653555,21732979.11
2019/06/07,29.594835,12495299.17
2019/06/10,30.309261,37745666.0
2019/06/11,30.035235,22789160.13
2019/06/12,29.144649,14654311.16
2019/06/13,29.359956,39076703.88
2019/06/14,29.389316,20369212.12
2019/06/17,29.340382,19712770.42
2019/06/18,30.191821,25420335.8
2019/06/19,29.810142,21839825.73
2019/06/20,30.289688,20139872.04
2019/06/21,30.642007,23726528.29
2019/06/24,29.868862,18286876.32
2019/06/25,29.438249,12883210.96
2019/06/26,29.448036,21005272.5
2019/06/27,29.359956,11788817.56
2019/06/28,29.389316,29021562.76
2019/07/01,29.154436,13712313.09
2019/07/02,29.457822,16186913.64
2019/07/03,30.084168,7493727.05
2019/07/04,29.594835,2898245.78
2019/07/05,29.594835,7695991.51
2019/07/08,30.240754,13445647.17
2019/07/09,29.428462,16545191.98
2019/07/10,29.379529,19960044.14
2019/07/11,29.536115,16396161.16
2019/07/12,29.359956,19133927.72
2019/07/15,29.438249,8649219.65
2019/07/16,28.96849,12444569.72
2019/07/17,28.831477,6121339.26
2019/07/18,28.459584,16038511.74
2019/07/19,28.332357,42303857.76
2019/07/22,27.471132,30671936.6275
2019/07/23,27.177532,36912289.58
2019/07/24,27.813665,7255244.49
2019/07/25,28.234491,11860767.7
2019/07/26,27.451559,31353069.93
2019/07/29,27.275399,26059041.39
2019/07/30,26.42396,20899160.64
2019/07/31,26.384814,20273774.01
2019/08/01,26.531613,35694158.77
2019/08/02,26.678413,18087621.6
2019/08/05,26.903506,21828208.68
2019/08/06,27.285186,26409286.95
2019/08/07,27.343905,14527111.06
2019/08/08,28.67489,12364911.14
2019/08/09,27.911531,41696187.0
2019/08/12,27.794091,21010626.26
2019/08/13,27.539638,18692542.14
2019/08/14,27.774518,19060646.87
2019/08/15,28.234491,13587222.19
2019/08/16,28.165984,9637833.58
2019/08/19,28.391077,7679823.84
2019/08/20,28.488944,8223567.22
2019/08/21,28.802117,13024320.01
2019/08/22,29.095716,42392852.72
2019/08/23,29.281663,62972478.54
2019/08/26,28.55745,13355190.46
2019/08/27,28.361717,21882152.53
2019/08/28,28.44001,22827568.17
2019/08/29,28.567237,43213728.33
2019/08/30,28.342144,34198939.67
2019/09/02,28.44001,3274642.09
2019/09/03,28.723823,25304202.96
2019/09/04,29.369742,19527270.35
2019/09/05,29.604622,7260124.14
2019/09/06,29.408889,5108830.52
2019/09/09,29.046783,4722976.71
2019/09/10,29.291449,15342337.82
2019/09/11,29.761208,13539353.86
2019/09/12,29.281663,33908028.42
2019/09/13,29.692702,8774577.11
2019/09/17,29.633982,12712215.17
2019/09/18,29.467609,39243024.45
2019/09/19,29.457822,6396444.38
2019/09/20,30.035235,27670146.59
2019/09/23,29.986301,7315507.39
2019/09/24,30.319048,16019032.36
2019/09/25,30.005875,18971697.87
2019/09/26,30.142888,16173596.68
2019/09/27,29.800355,11860165.33
2019/09/30,29.878648,11626454.24
2019/10/01,29.692702,5589532.3
2019/10/02,29.829715,5246901.42
2019/10/03,29.898222,37618057.78
2019/10/04,30.74966,13073831.28
2019/10/07,30.563714,14448220.76
2019/10/08,30.534354,21697620.72
2019/10/09,30.093955,19513697.08
2019/10/10,30.66158,28023541.38
2019/10/11,30.95518,18801298.06
2019/10/14,30.8671,12588289.27
2019/10/15,30.436487,12836426.27
2019/10/16,30.710514,41648578.65
2019/10/17,31.092193,18433472.83
2019/10/18,30.612647,21441209.57
2019/10/21,30.83774,30818673.95
2019/10/22,30.642007,11019705.56
2019/10/23,30.876887,5202592.89
2019/10/24,30.475634,12147480.09
2019/10/25,31.405366,18551727.49
2019/10/28,31.532592,20095999.13
2019/10/29,30.788807,12344665.29
2019/10/30,30.642007,9647383.32
2019/10/31,31.111766,20825259.78
2019/11/01,32.021925,56709867.794
2019/11/04,32.139365,16792337.57
2019/11/05,31.610886,32207241.54
2019/11/06,31.385793,9157976.34
2019/11/07,31.640246,22945840.84
2019/11/08,30.95518,12663053.42
2019/11/11,30.700727,9561785.9296
2019/11/12,30.367981,16818309.1088
2019/11/13,30.191821,14320345.2104
2019/11/14,31.082406,8202098.45
2019/11/15,30.63222,9497024.33
2019/11/19,30.514781,11663982.35
2019/11/20,30.348408,18218494.12
2019/11/21,30.563714,21623981.48
2019/11/22,31.10198,8720105.51
2019/11/25,31.503232,11861780.86
2019/11/26,32.158938,20627405.7
2019/11/27,31.571739,21177348.02
2019/11/28,31.21942,9543547.67
2019/11/29,31.19006,1123007.64
2019/12/02,30.95518,4503923.54
2019/12/03,30.162461,12688338.98
2019/12/04,29.986301,17809437.65
2019/12/05,30.025448,18469285.05
2019/12/06,29.663342,22322299.5
2019/12/09,29.810142,4243441.12
2019/12/10,30.83774,17594307.05
2019/12/11,30.857313,23671097.63
2019/12/13,30.739874,22866170.04
2019/12/16,30.407127,23798425.07
2019/12/17,31.610886,17215411.26
2019/12/18,31.454299,9018612.42
2019/12/19,31.444513,14446923.97
2019/12/20,31.601099,43032060.08
2019/12/23,31.317286,12078606.73
2019/12/24,31.669606,1007928.27
2019/12/26,30.906247,9144711.3
2019/12/27,30.98454,2585736.7
2019/12/30,30.593074,19757886.57
2019/12/31,30.358194,6930944.69
2020/01/02,31.601099,9900974.81
2020/01/03,30.964967,12097558.42
2020/01/06,31.747899,13064728.02
2020/01/07,31.522806,7357868.26
2020/01/08,31.317286,6859593.11
2020/01/09,30.906247,16925027.06
2020/01/10,31.170486,25839387.02
2020/01/13,31.150913,31225727.6
2020/01/14,31.24878,29218336.75
2020/01/15,31.424939,18853649.69
2020/01/16,31.561952,24694277.42
2020/01/17,31.953418,14353934.61
2020/01/20,31.689179,20859407.48
2020/01/21,31.924059,24281350.71
2020/01/22,31.796832,18167854.67
2020/01/23,31.513019,14291663.24
2020/01/24,31.287926,35813088.13
2020/01/27,30.103741,58560213.32
2020/01/28,30.465847,30367271.84
2020/01/29,30.514781,21469714.52
2020/01/30,30.436487,66944616.79
2020/01/31,30.025448,16425337.56
2020/02/04,31.297713,14458493.49
2020/02/05,30.563714,25560640.27
2020/02/06,30.035235,35385433.79
2020/02/07,29.937368,17693030.0
2020/02/10,29.996088,17919097.16
2020/02/11,29.761208,28107986.22
2020/02/12,30.328834,87037728.93
2020/02/13,29.976515,8004903.64
2020/02/14,29.731849,17298238.03
2020/02/17,29.898222,2046306.96
2020/02/18,29.731849,86115938.18
2020/02/19,30.309261,25724842.27
2020/02/20,30.152675,15482170.49
2020/02/21,29.770995,15487401.87
2020/02/24,29.506756,26356603.68
2020/02/25,29.702489,22236487.42
2020/02/26,29.330596,9614362.71
2020/02/27,29.301236,41635989.99
2020/02/28,29.007636,202105481.63
2020/03/02,29.457822,27057954.22
2020/03/03,28.028971,21910240.9
2020/03/04,30.093955,51533158.66
2020/03/05,30.015661,52419784.9
2020/03/06,28.958703,25638448.31
2020/03/09,27.98,26708094.12
2020/03/10,27.72,46967605.02
2020/03/11,28.09,89848172.78
2020/03/12,25.68,20372786.28
2020/03/13,27.62,176502117.76
2020/03/17,26.08,44874634.54
2020/03/18,24.3,26865077.12
2020/03/19,22.6,36198600.08
2020/03/20,23.0,62925939.36
2020/03/23,19.52,29839109.24
2020/03/24,20.8,55125447.55
2020/03/25,23.72,28165743.61
2020/03/26,25.16,17894417.77
2020/03/27,24.7,24921641.15
2020/03/30,24.39,41968764.69
2020/03/31,26.24,34910584.89
2020/04/01,24.56,37706627.27
2020/04/02,24.75,36576573.0603
2020/04/03,22.27,39922339.2372
2020/04/06,23.59,19350090.51
2020/04/07,23.75,35328783.47
2020/04/08,23.93,9409387.54
2020/04/13,23.31,12510443.97
2020/04/14,24.25,20316797.1
2020/04/15,23.29,27433974.67
2020/04/16,24.03,17040281.64
2020/04/17,23.25,39046764.6
2020/04/20,23.0,11278399.41
2020/04/21,23.01,8935674.95
2020/04/22,23.1,9969360.69
2020/04/23,23.3,5533212.68
2020/04/24,25.09,13135400.06
2020/04/27,24.77,45267177.79
2020/04/28,24.5,27277142.75
2020/04/29,26.54,14519568.76
2020/04/30,24.99,11385669.07
2020/05/04,23.76,37500289.91
2020/05/05,24.04,17086734.45
2020/05/06,23.93,18561305.49
2020/05/07,24.17,13189412.18
2020/05/08,24.52,13135947.91
2020/05/11,24.19,12337845.03
2020/05/12,24.54,6504893.9
2020/05/13,24.1,51757258.64
2020/05/14,24.44,18590033.41
2020/05/15,24.32,13152189.54
2020/05/18,25.26,14742996.22
2020/05/19,25.45,15266793.57
2020/05/20,25.79,9974873.19
2020/05/21,26.2,13097254.15
2020/05/22,26.13,32069394.25
2020/05/25,26.2,4853578.03
2020/05/26,26.79,27598394.32
2020/05/27,27.24,41004822.24
2020/05/28,27.24,63006098.14
2020/05/29,27.69,72325636.52
2020/06/01,26.96,43896921.74
2020/06/02,27.19,15499684.3
2020/06/03,27.19,21275079.33
2020/06/04,25.82,18689877.76
2020/06/05,27.95,58434659.48
2020/06/08,28.05,19938893.65
2020/06/09,27.39,25861979.88
2020/06/10,27.09,9912422.82
2020/06/11,25.66,26243920.99
2020/06/12,26.35,13345217.67
2020/06/15,26.12,7166815.93
2020/06/16,26.09,12873902.9
2020/06/17,27.3,23951985.28
2020/06/18,28.22,98555323.83
2020/06/19,27.49,59959288.3576
2020/06/22,27.81,6076805.36
2020/06/23,28.36,26874309.49
2020/06/24,27.21,19492460.78
2020/06/25,27.52,27723559.73
2020/06/26,26.95,30593415.92
2020/06/29,26.96,17940708.01
2020/06/30,26.75,19718503.15
2020/07/01,26.64,12594957.21
2020/07/02,26.12,16041691.53
2020/07/03,26.56,6644941.02
2020/07/06,27.18,10487669.43
2020/07/07,27.23,8382060.47
2020/07/08,26.68,11872459.52
2020/07/09,26.73,4641715.17
2020/07/10,26.41,8798766.07
2020/07/13,26.74,37996504.91
2020/07/14,26.71,7873561.0
2020/07/15,27.66,9770072.98
2020/07/16,27.4,12525028.38
2020/07/17,27.0,14791471.14
2020/07/20,27.49,45408351.56
2020/07/21,27.3,24561408.85
2020/07/22,27.57,58869092.17
2020/07/23,28.01,159327161.46
2020/07/24,28.41,14582722.93
2020/07/27,28.74,13253296.46
2020/07/28,27.66,7188665.62
2020/07/29,27.95,4504541.56
2020/07/30,28.0,19081861.68
2020/07/31,27.58,27026443.03
2020/08/03,27.99,8983602.86
2020/08/04,28.03,23014645.14
2020/08/05,28.38,32972051.59
2020/08/06,28.08,6232838.53
2020/08/07,27.96,4253312.2
2020/08/10,28.31,10718286.07
2020/08/11,28.12,12048350.12
2020/08/12,28.09,4561098.24
2020/08/13,28.33,10691753.24
2020/08/14,28.28,21334851.41
2020/08/17,28.33,55517308.11
2020/08/18,28.28,86457964.84
2020/08/19,28.2,11632314.41
2020/08/20,28.23,25136720.85
2020/08/21,28.24,8841913.28
2020/08/24,28.27,9000860.16
2020/08/25,28.26,39654326.14
2020/08/26,28.3,10214192.51
2020/08/27,27.82,10619712.21
2020/08/28,28.29,10864422.14
2020/08/31,28.28,35673711.69
2020/09/01,28.13,7109678.76
2020/09/02,27.89,17970781.29
2020/09/03,27.92,6481351.9
2020/09/04,27.49,7496905.25
2020/09/07,27.64,4504396.73
2020/09/08,27.17,9274514.51
2020/09/09,27.15,15519043.74
2020/09/10,26.9,15319332.11
2020/09/11,27.42,4455359.23
2020/09/14,27.5,7783216.28
2020/09/15,27.63,7243585.67
2020/09/17,27.72,43362992.73
2020/09/18,27.7,15399173.05
2020/09/21,27.12,14786428.31
2020/09/22,27.35,32506390.3
2020/09/23,27.48,36506069.21
2020/09/24,28.34,8071264.08
2020/09/25,28.72,10230383.53
2020/09/28,29.1,20808487.15
2020/09/29,29.43,43979547.15
2020/09/30,30.6,26619161.8
2020/10/01,30.58,28943490.46
2020/10/02,31.01,38971796.5
2020/10/05,31.51,69126492.32
2020/10/06,31.08,14192141.54
2020/10/07,31.26,5705326.75
2020/10/08,30.88,20822357.55
2020/10/09,31.36,5641471.62
2020/10/12,31.5,12818492.42
2020/10/13,31.39,38119772.43
2020/10/14,31.55,205400929.93
2020/10/15,31.43,3358892.46
2020/10/16,31.62,27331744.68
2020/10/19,31.59,7342780.31
2020/10/20,31.83,16282856.35
2020/10/21,31.43,20289104.0834
2020/10/22,32.25,89277273.948
2020/10/23,30.65,16300002.6324
2020/10/26,30.01,11552197.5028
2020/10/27,29.22,25628315.5624
2020/10/28,29.0,25506731.93
2020/10/29,28.42,29752990.24
2020/10/30,29.12,11838925.87
2020/11/03,29.47,13162955.03
2020/11/04,30.04,15534296.87
2020/11/05,31.16,12822590.76
2020/11/06,30.62,10802924.12
2020/11/09,30.47,11572645.0754
2020/11/10,29.7,20636177.3716
2020/11/11,29.31,18840505.613
2020/11/12,28.95,57915249.2324
2020/11/13,30.03,19992207.3705
2020/11/17,28.92,34137286.2008
2020/11/18,28.77,27258081.77
2020/11/19,28.41,107740313.54
2020/11/20,28.44,29457519.74
2020/11/23,28.63,20172815.33
2020/11/24,28.52,13261105.3224
2020/11/25,28.87,21019111.3479
2020/11/26,28.61,3466095.44
2020/11/27,28.7,16942377.09
2020/11/30,28.9,41228195.08
2020/12/01,29.31,21527177.8265
2020/12/02,29.01,24563904.4316
2020/12/03,28.82,23551893.5675
2020/12/04,29.12,29517993.07
2020/12/07,29.65,12515915.92
2020/12/08,29.92,38153320.75
2020/12/09,29.27,46085983.2
2020/12/10,29.97,95904909.48
2020/12/11,29.51,14811927.34
2020/12/14,29.08,18959931.88
2020/12/15,29.05,61510294.26
2020/12/16,29.1,23803381.94
2020/12/17,29.44,14352229.82
2020/12/18,29.83,13274139.87
2020/12/21,29.8,8558176.95
2020/12/22,29.5,17165841.0
2020/12/23,29.93,11123578.06
2020/12/24,29.98,2615244.87
2020/12/28,30.16,5583300.32
2020/12/29,30.62,12961263.02
2020/12/30,30.69,41298792.22
2020/12/31,30.68,7654972.71
2021/01/04,31.08,25709123.88
2021/01/05,30.5,31083043.42
2021/01/06,31.04,37614541.59
2021/01/07,31.29,24096274.87
2021/01/08,31.29,14081412.44
2021/01/11,31.1,38153781.67
2021/01/12,30.54,19631334.717
2021/01/13,30.3,25793641.0372
2021/01/14,29.92,20639531.68
2021/01/15,30.14,2780054.1
2021/01/18,30.19,2071903.07
2021/01/19,29.75,15219857.79
2021/01/20,29.53,3617850.88
2021/01/21,29.61,12290760.92
2021/01/22,30.16,7374488.2
2021/01/25,30.33,18096569.4
2021/01/26,29.11,72613252.9
2021/01/27,28.84,20666509.6
2021/01/28,28.86,6055071.28
2021/01/29,28.87,31431988.56
2021/02/02,28.85,30120526.72
2021/02/03,28.84,25305995.76
2021/02/04,28.9,7790680.52
2021/02/05,29.79,11278586.56
2021/02/08,30.51,14496892.28
2021/02/09,30.25,6620787.14
2021/02/10,29.33,19949711.62
2021/02/11,29.01,26726950.39
2021/02/12,28.9,11355991.35
2021/02/15,28.92,2840229.91
2021/02/16,29.02,18691434.0804
2021/02/17,28.88,46687599.86
2021/02/18,28.69,63850709.2165
2021/02/19,28.73,10949265.54
2021/02/22,27.91,56434740.9
2021/02/23,27.72,34874816.85
2021/02/24,28.48,27818039.62
2021/02/25,28.97,19841115.29
2021/02/26,29.49,46791366.36
2021/03/01,28.95,18733052.74
2021/03/02,29.44,56949269.16
2021/03/03,29.51,24061566.41
2021/03/04,30.67,36161281.86
2021/03/05,29.75,14660404.23
2021/03/08,31.6,26457127.16
2021/03/09,31.19,36585499.9
2021/03/10,30.92,11541735.31
2021/03/11,30.69,18063564.44
2021/03/12,30.64,10020882.13
2021/03/16,30.96,34646563.52
2021/03/17,30.86,43342231.44
2021/03/18,30.72,33257638.23
2021/03/19,30.87,15228426.99
2021/03/22,30.59,15461553.46
2021/03/23,30.84,25909188.36
2021/03/24,30.56,13576653.1
2021/03/25,30.12,13129016.47
2021/03/26,29.89,12887580.39
2021/03/29,30.26,38864619.87
2021/03/30,30.43,12766271.4707
2021/03/31,30.46,18207263.8618
2021/04/05,30.9,6933133.96
2021/04/06,30.42,14318652.63
2021/04/07,30.01,26257659.55
2021/04/08,29.93,78268764.18
2021/04/09,30.2,6839805.3
2021/04/12,29.91,13130671.75
2021/04/13,30.0,4711804.96
2021/04/14,30.61,6777353.84
2021/04/15,30.76,20367251.31
2021/04/16,30.39,4269080.32
2021/04/19,30.04,7849697.5
2021/04/20,30.09,13206977.2691
2021/04/21,30.08,8269709.3832
2021/04/22,30.18,23020288.0592
2021/04/23,30.24,5265300.5851
2021/04/26,30.21,13929753.28
2021/04/27,30.25,20967913.9528
2021/04/28,30.41,12176987.34
2021/04/29,30.66,4125934.74
2021/04/30,30.83,10633472.4
2021/05/03,31.31,10849221.16
2021/05/04,31.06,6883610.74
2021/05/05,31.2,9793463.1
2021/05/06,31.31,17162324.01
2021/05/07,31.02,5160797.87
2021/05/10,31.0,176154565.39
2021/05/11,30.79,64802218.58
2021/05/12,30.72,9409078.95
2021/05/13,30.12,58640382.23
2021/05/14,30.36,12215055.3617
2021/05/17,30.14,10898432.05
2021/05/18,30.97,7220844.9
2021/05/19,30.52,8083089.07
2021/05/20,30.94,7844915.3
2021/05/21,30.93,2848426.2408
2021/05/24,30.59,8236578.93
2021/05/25,30.29,15100469.1
2021/05/26,30.35,10847218.07
2021/05/27,29.5,173867238.22
2021/05/28,29.79,12682787.45
2021/05/31,30.69,6112179.62
2021/06/01,30.52,13949037.8158
2021/06/02,30.83,13305373.7
2021/06/03,30.82,11613982.98
2021/06/04,30.51,2371595.92
2021/06/07,31.26,16922012.28
2021/06/08,31.24,26874656.61
2021/06/09,30.63,10432657.88
2021/06/10,30.52,10206841.82
2021/06/11,30.66,4917862.53
2021/06/14,31.44,18403919.38
2021/06/15,31.26,20934679.9
2021/06/16,31.17,13670751.69
2021/06/17,31.19,26776214.07
2021/06/18,31.7,248882197.88
2021/06/21,31.88,18113247.53
2021/06/22,31.66,11276095.57
2021/06/23,31.56,9584894.73
2021/06/24,31.21,8651318.47
2021/06/25,30.53,12950226.97
2021/06/28,30.19,17410173.43
2021/06/29,30.41,7109387.6
2021/06/30,30.26,10219948.02
2021/07/01,30.94,14145143.28
2021/07/02,30.94,11022615.12
2021/07/05,30.47,1203775.23
2021/07/06,30.5,10098302.88
2021/07/07,31.11,8414570.59
2021/07/08,31.03,12323135.73
2021/07/09,31.08,5632462.74
2021/07/12,31.06,12186772.34
2021/07/13,31.31,11809291.14
2021/07/14,31.47,10536549.77
2021/07/15,31.76,70070552.39
2021/07/16,31.52,15730049.34
2021/07/19,30.67,9137812.65
2021/07/20,31.71,7446836.55
2021/07/21,31.31,7693230.47
2021/07/22,31.48,8506315.02
2021/07/23,31.49,2992654.84
2021/07/26,31.85,8671546.0775
2021/07/27,31.81,5132794.6368
2021/07/28,31.73,75309427.1749
2021/07/29,31.54,7432363.8222
2021/07/30,31.47,9181910.79
2021/08/02,31.06,190233748.29
2021/08/03,31.49,13091480.98
2021/08/04,31.25,3389156.93
2021/08/05,30.94,1783972.46
2021/08/06,30.88,6174409.71
2021/08/09,30.7,3306164.79
2021/08/10,30.49,6055711.61
2021/08/11,30.8,4545954.27
2021/08/12,30.58,2470698.24
2021/08/13,30.42,5394173.23
2021/08/16,30.42,10733880.35
2021/08/17,30.53,22220651.83
2021/08/18,31.15,19818227.9
2021/08/19,30.63,10315915.8
2021/08/20,30.37,7579124.2
2021/08/23,30.53,7544874.97
2021/08/24,30.43,11671925.33
2021/08/25,30.06,6517310.61
2021/08/26,29.92,10292961.24
2021/08/27,30.05,7767015.9
2021/08/30,30.89,16916496.94
2021/08/31,31.69,30786568.49
2021/09/01,31.45,5225113.07
2021/09/02,31.38,5240008.8
2021/09/03,31.83,6385790.68
2021/09/06,31.21,1716427.66
2021/09/07,31.22,37016415.37
2021/09/08,30.43,14599023.6
2021/09/09,30.4,9910241.12
2021/09/10,30.36,28089317.95
2021/09/13,30.5,45810614.58
2021/09/14,30.45,4443266.85
2021/09/15,31.27,11548667.07
2021/09/17,30.21,36189940.95
2021/09/20,30.17,17833900.84
2021/09/21,30.59,10819973.5
2021/09/22,30.85,8987028.93
2021/09/23,30.55,4593776.04
2021/09/24,30.57,12565590.49
2021/09/27,30.25,5318112.54
2021/09/28,29.86,13448396.84
2021/09/29,29.65,37286540.3
2021/09/30,30.18,30219031.13
2021/10/01,29.85,23813450.43
2021/10/04,29.78,7423557.35
2021/10/05,29.83,26219510.64
2021/10/06,29.79,23259019.38
2021/10/07,30.26,4867554.25
2021/10/08,30.29,3746965.08
2021/10/11,29.83,6877408.75
2021/10/12,30.39,14362339.78
2021/10/13,30.5,10088990.18
2021/10/14,30.22,6549589.22
2021/10/15,30.05,6530685.15
2021/10/18,29.91,11097635.26
2021/10/19,29.9,4036547.11
2021/10/20,29.93,3429392.39
2021/10/21,29.61,17972728.98
2021/10/22,29.87,11218144.11
2021/10/25,29.64,4392971.89
2021/10/26,28.8,14675139.11
2021/10/27,28.64,10399944.58
2021/10/28,29.23,145371872.12
2021/10/29,28.84,21931129.75
2021/11/01,28.67,5430417.19
2021/11/03,28.84,8231963.22
2021/11/04,28.56,37367853.07
2021/11/05,28.63,24183243.95
2021/11/08,28.56,6584412.5
2021/11/09,28.54,9732484.85
2021/11/10,27.88,16455850.35
2021/11/11,27.65,18132739.5
2021/11/12,27.42,10607628.32
2021/11/16,26.85,15277043.78
2021/11/17,26.27,12366442.9338
2021/11/18,26.83,13136376.5827
2021/11/19,26.46,6901217.5746
2021/11/22,26.3,6156229.19
2021/11/23,25.85,11084311.954
2021/11/24,25.8,13657315.94
2021/11/25,26.0,602065.12
2021/11/26,26.02,4220297.18
2021/11/29,25.96,7166684.91
2021/11/30,25.71,8291855.7
2021/12/01,25.64,8271655.26
2021/12/02,26.0,7901500.24
2021/12/03,26.23,6507796.3826
2021/12/06,25.64,8105590.8439
2021/12/07,26.83,16079515.552
2021/12/08,26.29,7166260.9725
2021/12/09,26.15,9674700.0696
2021/12/10,25.91,3704404.02
2021/12/13,25.37,9918968.22
2021/12/14,26.01,21247972.95
2021/12/15,25.81,11739358.6713
2021/12/16,26.59,14962159.7
2021/12/17,27.08,51766339.74
2021/12/20,26.32,17094527.16
2021/12/21,27.0,30402912.32
2021/12/22,27.72,15625275.92
2021/12/23,28.73,25181184.21
2021/12/24,28.24,1095729.33
2021/12/27,28.91,5144585.04
2021/12/28,28.96,9205780.08
2021/12/29,28.77,13458674.24
2021/12/30,28.93,13761814.96
2021/12/31,28.67,1393817.92
2022/01/03,29.0,3488055.77
2022/01/04,28.74,6039123.54
2022/01/05,28.45,25659242.51
2022/01/06,28.48,13769217.99
2022/01/07,29.01,27475185.62
2022/01/10,28.51,10786974.85
2022/01/11,28.65,6436150.3
2022/01/12,29.44,11309909.72
2022/01/13,29.03,6123053.6
2022/01/14,28.73,18619229.73
2022/01/17,28.69,402260.67
2022/01/18,28.36,18564305.98
2022/01/19,28.01,19505057.78
2022/01/20,28.33,45223176.73
2022/01/21,28.71,21805757.76
2022/01/24,27.99,29387413.42
2022/01/25,28.18,18491093.76
2022/01/26,27.92,27935611.71
2022/01/27,27.98,15279389.26
2022/01/28,27.47,22595798.87
2022/01/31,28.87,19427789.36
2022/02/01,28.95,43846567.58
2022/02/02,29.51,39149260.51
2022/02/03,29.15,10118415.1859
2022/02/04,28.67,21881603.42
2022/02/08,28.03,16560908.17
2022/02/09,28.4,20697990.3189
2022/02/10,28.25,9738303.0786
2022/02/11,28.8,25204884.58
2022/02/14,28.48,5101697.49
2022/02/15,28.32,7449243.13
2022/02/16,29.05,23612714.79
2022/02/17,28.03,24081912.67
2022/02/18,28.29,10637928.31
2022/02/21,28.08,4608222.21
2022/02/22,27.78,11387772.29
2022/02/23,26.82,15690274.0
2022/02/24,25.36,24602485.91
2022/02/25,26.24,25291937.82
2022/02/28,26.98,12934205.88
2022/03/01,25.99,20450789.32
2022/03/02,26.0,79814522.4004
2022/03/03,25.94,32894349.45
2022/03/04,26.88,21446743.17
2022/03/07,26.01,11236843.16
2022/03/08,25.76,19761740.3632
2022/03/09,27.07,17826766.3421
2022/03/10,27.04,5642302.83
2022/03/11,26.78,6497203.18
2022/03/14,26.86,22468832.09
2022/03/15,27.17,24542990.15
2022/03/16,28.41,21125845.16
2022/03/17,28.37,14634286.05
2022/03/18,27.08,64587761.06
2022/03/22,27.47,13683089.04
2022/03/23,27.54,4849354.04
2022/03/24,27.77,11173727.79
2022/03/25,28.09,6554402.68
2022/03/28,27.9,5965293.32
2022/03/29,28.22,16691036.22
2022/03/30,27.97,12224340.88
2022/03/31,28.01,41226297.18
2022/04/01,28.65,7892241.53
2022/04/04,28.91,7771714.3
2022/04/05,28.99,9801006.64
2022/04/06,29.09,13178996.52
2022/04/07,28.85,10032755.66
2022/04/08,28.25,10858103.87
2022/04/11,27.75,9955602.774
2022/04/12,26.86,8372322.58
2022/04/13,26.96,4214405.11
2022/04/18,27.43,4367495.85
2022/04/19,27.43,2987417.13
2022/04/20,27.28,29869503.31
2022/04/21,27.45,9572951.84
2022/04/22,27.23,3324048.82
2022/04/25,26.79,8496136.74
2022/04/26,26.52,12025159.69
2022/04/27,26.76,7894455.04
2022/04/28,27.06,6131766.43
2022/04/29,27.07,18120810.12
2022/05/02,27.0,7673242.56
2022/05/03,26.68,32705629.22
2022/05/04,26.8,7954237.9
2022/05/05,26.98,4951514.7
2022/05/06,27.06,4380540.72
2022/05/09,26.25,6103321.18
2022/05/10,26.74,19241589.79
2022/05/11,25.92,15067693.89
2022/05/12,25.68,9171829.24
2022/05/13,26.14,11326002.99
2022/05/16,26.23,12413492.55
2022/05/17,26.63,23922158.7
2022/05/18,26.88,21313350.31
2022/05/19,27.13,6555119.41
2022/05/20,27.04,18161572.37
2022/05/23,27.06,16212751.92
2022/05/24,28.15,9681275.55
2022/05/25,28.8,16048221.16
2022/05/26,28.21,14858588.45
2022/05/27,28.98,24406107.85
2022/05/30,28.83,848660.94
2022/05/31,29.45,29115319.64
2022/06/01,28.19,10629025.3
2022/06/02,28.65,35037249.74
2022/06/03,27.81,10228088.23
2022/06/06,27.55,6255704.31
2022/06/07,28.15,7925566.86
2022/06/08,28.98,38813023.71
2022/06/09,28.6,30001712.85
2022/06/10,26.9,12556579.13
2022/06/13,26.01,21145573.11
2022/06/14,26.54,18481063.36
2022/06/15,26.98,7320442.69
2022/06/16,26.8,93110008.43
2022/06/17,26.34,57268967.95
2022/06/20,26.33,1759360.43
2022/06/21,25.88,11006822.03
2022/06/22,26.23,36920292.93
2022/06/23,26.42,14102306.69
2022/06/24,27.2,20815651.36
2022/06/27,26.64,22150848.08
2022/06/28,26.82,11796462.16
2022/06/29,26.51,7893428.11
2022/06/30,26.88,21960066.99
2022/07/01,26.7,22199794.56
2022/07/04,26.77,6741559.06
2022/07/05,27.19,17838707.28
2022/07/06,27.5,13219316.17
2022/07/07,27.46,12463204.69
2022/07/08,27.71,9625606.07
2022/07/11,28.33,3994584.87
2022/07/12,28.06,27790502.37
2022/07/13,28.47,10262956.16
2022/07/14,28.7,24282711.6
2022/07/15,29.1,17771265.9
2022/07/18,28.74,6463316.52
2022/07/19,28.81,23045692.16
2022/07/20,28.61,5450473.22
2022/07/21,28.82,13019128.43
2022/07/22,28.54,13644658.12
2022/07/25,28.88,36386916.93
2022/07/26,28.9,25814889.63
2022/07/27,28.95,10432590.43
2022/07/28,28.49,12401056.2
2022/07/29,29.0,14492212.78
2022/08/01,28.39,10774196.32
2022/08/02,28.22,14470480.59
2022/08/03,27.65,14057008.12
2022/08/04,28.18,11672722.53
2022/08/05,28.08,13306734.31
2022/08/08,28.16,50352642.13
2022/08/09,28.65,17747893.4
2022/08/10,28.24,12323502.95
2022/08/11,28.26,22396560.69
2022/08/12,28.26,21132957.6
2022/08/15,28.39,15528966.11
2022/08/16,28.0,16586469.12
2022/08/17,27.63,5823018.31
2022/08/18,27.64,7644042.87
2022/08/19,27.25,8259358.39
2022/08/22,27.19,7061497.07
2022/08/23,27.22,11942859.0
2022/08/24,26.84,7347646.83
2022/08/25,27.24,15268348.45
2022/08/26,27.01,6459480.32
2022/08/29,26.9,31848271.94
2022/08/30,26.77,24801599.24
2022/08/31,26.97,14435668.96
2022/09/01,27.07,10442183.17
2022/09/02,27.19,7395646.77
2022/09/05,27.29,2273183.09
2022/09/06,27.14,9252142.42
2022/09/07,27.08,26532088.42
2022/09/08,26.91,7792173.19
2022/09/09,27.05,6686777.27
2022/09/12,27.17,4829987.2
2022/09/13,27.0,9366612.74
2022/09/14,26.99,7582893.65
2022/09/15,25.62,47766809.09
2022/09/19,26.41,22863038.0
2022/09/20,26.63,14623258.58
2022/09/21,27.35,11810440.06
2022/09/22,27.23,10207502.28
2022/09/23,26.54,26783101.19
2022/09/26,26.27,8399900.85
2022/09/27,25.8,18550679.74
2022/09/28,26.5,12295425.49
2022/09/29,26.7,27210183.14
2022/09/30,26.73,23317041.44
2022/10/03,26.56,9158283.17
2022/10/04,26.62,26144169.36
2022/10/05,26.16,8549768.41
2022/10/06,26.39,6644968.03
2022/10/07,25.77,8699014.17
2022/10/10,26.37,12245766.68
2022/10/11,25.84,17152263.99
2022/10/12,26.59,22343434.4
2022/10/13,27.27,19213258.3
2022/10/14,27.33,15513322.42
2022/10/17,27.72,10257246.27
2022/10/18,27.63,18923750.0
2022/10/19,27.53,8653141.45
2022/10/20,27.49,213540394.47
2022/10/21,27.55,15990202.05
2022/10/24,27.58,15088629.77
2022/10/25,27.48,38489295.64
2022/10/26,28.26,21092637.07
2022/10/27,27.91,24226098.33
2022/10/28,27.77,30190263.3
2022/10/31,27.76,20087073.97
2022/11/01,27.65,43520260.04
2022/11/03,27.79,117402226.88
2022/11/04,27.79,31204254.24
2022/11/07,27.97,28789703.48
2022/11/08,27.99,19692624.79
2022/11/09,27.66,67331864.0
2022/11/10,27.88,46731602.68
2022/11/11,27.94,45476587.02
2022/11/14,27.88,11465341.88
2022/11/15,27.71,25581503.6
2022/11/16,27.61,20826495.6
2022/11/17,27.55,21587946.24
2022/11/18,27.48,12082759.19
2022/11/22,27.85,54183271.23
2022/11/23,27.63,43544009.23
2022/11/24,27.69,4760280.07
2022/11/25,27.7,26899705.4
2022/11/28,27.78,60031205.83
2022/11/29,27.75,43077181.45
2022/11/30,27.98,48092515.09
2022/12/01,27.9,103367748.84
2022/12/02,27.9,10435072.83
2022/12/05,27.68,11847124.45
2022/12/06,27.53,17905342.63
2022/12/07,27.83,51461847.67
2022/12/08,28.59,9195682.6
2022/12/09,28.17,6393022.04
2022/12/13,29.02,45494734.31
2022/12/14,28.39,12142430.26
2022/12/15,28.01,11688162.84
2022/12/16,28.07,34166359.02
2022/12/19,28.17,6058277.76
2022/12/20,28.17,10184937.72
2022/12/21,28.21,9243247.0
2022/12/22,28.03,16338806.89
2022/12/23,28.1,9625732.96
2022/12/26,28.38,265679.4
2022/12/27,28.12,4136455.92
2022/12/28,28.0,11719029.11
2022/12/29,28.02,9623753.76
2022/12/30,28.01,7399948.85
2023/01/02,27.96,446317.89
2023/01/03,28.5,11285461.92
2023/01/04,29.1,13354299.08
2023/01/05,29.56,16562651.9586
2023/01/06,29.97,9875206.4
2023/01/09,29.98,21367625.12
2023/01/10,30.37,26155467.49
2023/01/11,30.72,22645987.54
2023/01/12,31.15,36917648.3
2023/01/13,30.99,117330216.66
2023/01/16,31.28,22721735.08
2023/01/17,30.84,141361286.57
2023/01/18,31.11,9071585.72
2023/01/19,31.64,12989908.87
2023/01/20,31.29,9657212.55
2023/01/23,31.59,10893058.74
2023/01/24,31.57,10986609.34
2023/01/25,31.24,16959187.27
2023/01/26,31.52,20483472.4214
2023/01/27,31.95,22837650.86
2023/01/30,31.39,28803568.4344
2023/01/31,31.97,55576496.4256
2023/02/01,33.3,49131931.4772
2023/02/02,33.0,9603112.8016
2023/02/03,32.55,9667231.859
2023/02/07,32.49,14717979.73
2023/02/08,32.37,8989552.39
2023/02/09,33.05,36089548.4194
2023/02/10,33.28,57052368.1267
2023/02/13,34.36,37036935.1032
2023/02/14,34.48,36349307.8376
2023/02/15,34.59,27892136.384
2023/02/16,34.96,102419900.5078
2023/02/17,34.51,22387118.8972
2023/02/20,35.42,2968702.85
2023/02/21,34.5,43359851.4166
2023/02/22,34.5,26955256.7831
2023/02/23,33.95,41356219.7146
2023/02/24,34.02,19361387.448
2023/02/27,33.99,26918871.985
2023/02/28,33.73,158568901.1648
2023/03/01,33.67,13580094.625
2023/03/02,33.54,14276541.56
2023/03/03,34.41,25613080.04
2023/03/06,34.27,8455510.3
2023/03/07,33.79,18072158.71
2023/03/08,33.4,6704159.75
2023/03/09,33.05,17746581.02
2023/03/10,32.5,11173439.7723
2023/03/13,31.88,13322665.706
2023/03/14,31.74,13410465.09
2023/03/15,31.35,11240442.81
2023/03/16,32.58,52656046.37
2023/03/17,33.49,57540690.43
2023/03/21,32.37,29886490.92
2023/03/22,32.36,30703814.66
2023/03/23,33.25,20569231.5973
2023/03/24,33.42,18503168.2986
2023/03/27,33.31,17175877.9062
2023/03/28,33.93,17576384.9336
2023/03/29,33.38,16275255.48
2023/03/30,33.54,68960708.2014
2023/03/31,33.25,17366926.1766
2023/04/03,32.64,4397013.02
2023/04/04,33.33,4027071.47
2023/04/05,32.74,4474592.38
2023/04/10,33.86,10476089.01
2023/04/11,33.83,53345194.2
2023/04/12,33.73,138157820.3
2023/04/13,34.3,65257043.49
2023/04/14,34.1,38788764.951
2023/04/17,34.0,11631137.0802
2023/04/18,33.51,33175537.7597
2023/04/19,33.05,16073473.2352
2023/04/20,33.29,16031265.1291
2023/04/21,33.5,33309144.5829
2023/04/24,33.54,38815934.1082
2023/04/25,33.06,49758979.4024
2023/04/26,33.32,34609294.86
2023/04/27,33.77,19806892.8888
2023/04/28,33.7,21098147.6266
2023/05/02,33.19,164425694.23
2023/05/03,33.17,15789400.81
2023/05/04,33.13,65628223.85
2023/05/05,33.29,20622187.7612
2023/05/08,33.52,7674432.09
2023/05/09,33.14,11417890.47
2023/05/10,33.68,23440034.54
2023/05/11,32.99,25484399.7
2023/05/12,32.61,10376476.6034
2023/05/15,33.47,16388571.74
2023/05/16,32.96,11855543.85
2023/05/17,32.8,14720662.71
2023/05/18,33.06,25510436.72
2023/05/19,32.99,13438311.46
2023/05/22,32.89,8711872.2812
2023/05/23,32.51,43978004.7374
2023/05/24,32.55,33494418.68
2023/05/25,32.56,17224476.785
2023/05/26,33.44,26202278.772
2023/05/29,32.96,2590804.26
2023/05/30,31.36,25488414.55
2023/05/31,32.17,23282209.11
2023/06/01,32.14,13127871.2
2023/06/02,31.9,8265147.92
2023/06/05,31.88,9539445.67
2023/06/06,32.26,7632375.71
2023/06/07,31.95,7134464.81
2023/06/08,31.87,0.0
2023/06/09,32.08,5694605.01
2023/06/12,32.67,6893559.38
2023/06/13,31.9,8167392.69
2023/06/14,32.6,21745897.15
2023/06/15,32.71,7843231.83
2023/06/16,33.56,32575038.11
2023/06/19,32.61,1883097.3
2023/06/20,33.74,15005547.47
2023/06/21,33.47,13970304.83
2023/06/22,33.99,20275883.63
2023/06/23,33.4,45933152.08
2023/06/26,32.71,13582429.02
2023/06/27,33.62,63991594.89
2023/06/28,33.26,76230621.33
2023/06/29,33.36,37879268.37
2023/06/30,32.85,15412970.03
2023/07/03,33.32,7616966.68
2023/07/04,33.25,3877197.58
2023/07/05,33.21,48433906.76
2023/07/06,33.36,37076412.12
2023/07/07,33.59,52675405.32
2023/07/10,33.23,23352314.25
2023/07/11,33.31,20726727.82
2023/07/12,33.17,14815537.05
2023/07/13,33.56,19417946.73
2023/07/14,33.66,12864487.87
2023/07/17,33.27,4474191.41
2023/07/18,33.34,6408396.86
2023/07/19,33.26,34441660.18
2023/07/20,33.5,4304254.2
2023/07/21,33.77,18907499.73
2023/07/24,33.66,6959047.01
2023/07/25,33.74,45347921.14
2023/07/26,34.42,15274113.72
2023/07/27,34.65,10023488.4
2023/07/28,34.06,10706015.7
2023/07/31,34.05,17984635.06
2023/08/01,33.32,16411900.9541
2023/08/02,32.34,22258662.74
2023/08/03,31.85,22147772.64
2023/08/04,33.34,14663644.037
2023/08/07,33.26,12159939.43
2023/08/08,33.11,12022481.82
2023/08/09,33.08,10516358.86
2023/08/10,33.05,14024065.5
2023/08/11,32.34,15323701.8
2023/08/14,33.03,10521808.39
2023/08/15,33.19,17595801.96
2023/08/16,33.15,14979066.73
2023/08/17,32.62,8712291.05
2023/08/18,32.65,21924723.7194
2023/08/21,32.4,3055814.77
2023/08/22,31.95,15351427.18
2023/08/23,32.83,16299463.75
2023/08/24,31.72,15743971.3288
2023/08/25,32.28,19203366.78
2023/08/28,33.13,17839060.3
2023/08/29,32.74,61415963.39
2023/08/30,32.75,24000005.25
2023/08/31,32.0,32500815.57
2023/09/01,32.23,13962458.18
2023/09/04,32.3,2532087.86
2023/09/05,32.34,19138347.48
2023/09/06,32.61,13010757.88
2023/09/07,32.46,32528010.36
2023/09/08,32.32,157516057.96
2023/09/11,33.15,14565095.68
2023/09/12,32.77,15971248.02
2023/09/13,32.49,51157061.08
2023/09/14,31.81,20131195.97
2023/09/15,30.98,54362795.13
2023/09/18,31.98,19428256.13
2023/09/19,32.23,41542114.06
2023/09/20,31.32,14738099.748
2023/09/21,31.4,46419773.55
2023/09/22,31.26,15982471.28
2023/09/25,31.0,11575939.42
2023/09/26,30.91,61887667.3
2023/09/27,31.01,13081042.5
2023/09/28,31.02,11350889.51
2023/09/29,30.9,13303828.58
2023/10/02,30.64,9999049.9
2023/10/03,30.49,16071235.95
2023/10/04,30.56,9037349.7
2023/10/05,30.33,38899267.84
2023/10/06,31.2,21728268.5
2023/10/09,29.84,41225736.1
2023/10/10,29.94,45335513.48
2023/10/11,30.51,66531461.61
2023/10/12,29.82,69405765.12
2023/10/13,29.19,54900631.87
2023/10/16,29.22,33496250.27
2023/10/17,29.95,38001367.884
2023/10/18,30.08,289376510.94
2023/10/19,30.09,19872425.02
2023/10/20,29.35,27563607.29
2023/10/23,29.36,41053737.73
2023/10/24,30.07,12984799.05
2023/10/25,30.15,29711462.59
2023/10/26,30.62,91618761.87
2023/10/27,29.95,47356260.08
2023/10/30,29.5,37135799.36
2023/10/31,29.26,18091573.9
2023/11/01,30.09,21675844.7
2023/11/03,31.68,51745361.11
2023/11/06,31.85,25919181.73
2023/11/07,31.2,31649481.0315
2023/11/08,30.6,31164925.17
2023/11/09,30.4,15025705.13
2023/11/10,30.46,8772561.66
2023/11/13,30.49,12330145.37
2023/11/14,31.23,37137293.32
2023/11/15,31.27,133168027.31
2023/11/16,30.87,16998013.51
2023/11/17,31.12,6402823.7
2023/11/21,31.31,17026417.82
2023/11/22,31.1,31009807.85
2023/11/23,31.08,25781716.63
2023/11/24,31.02,18703444.0
2023/11/27,30.8,9353619.69
2023/11/28,31.07,126170777.3496
2023/11/29,30.91,11781365.861
2023/11/30,31.1,65862981.55
2023/12/01,31.38,21260342.74
2023/12/04,31.77,76562632.048
2023/12/05,32.58,24031914.9832
2023/12/06,33.02,14689907.77
2023/12/07,33.27,11019734.14
2023/12/08,33.45,14707982.56
2023/12/11,33.54,12150877.12
2023/12/13,34.53,25812403.48
2023/12/14,34.74,23648865.31
2023/12/15,34.36,50625915.57
2023/12/18,34.72,18335683.92
2023/12/19,34.61,23323296.41
2023/12/20,34.69,23723146.14
2023/12/21,35.84,14828457.27
2023/12/22,35.48,11544624.07
2023/12/26,35.98,11516118.71
2023/12/27,36.48,25871066.45
2023/12/28,36.5,8523492.47
2023/12/29,36.13,6998396.16
2024/01/02,36.78,75826264.93
2024/01/03,37.18,72489763.41
2024/01/04,36.53,49892827.37
2024/01/05,36.7,41460538.8
2024/01/08,36.17,25773763.15
2024/01/09,35.77,22614523.24
2024/01/10,35.56,19799369.8
2024/01/11,35.72,9666322.44
2024/01/12,35.5,7466943.51
2024/01/15,35.81,3545036.94
2024/01/16,35.3,44744187.94
2024/01/17,34.87,60287134.94
2024/01/18,34.51,15735210.11
2024/01/19,36.26,88700215.4
2024/01/22,36.87,18849709.28
2024/01/23,37.26,12941312.64
2024/01/24,36.44,23978634.71
2024/01/25,37.07,298924089.3
2024/01/26,37.27,322247160.69
2024/01/29,37.41,10347899.09
2024/01/30,37.1,19476173.426
2024/01/31,36.87,36905189.4848
2024/02/01,37.47,38186968.588
2024/02/02,37.62,16852181.4526
2024/02/06,37.7,48002158.876
2024/02/07,37.81,20281586.48
2024/02/08,37.67,11706901.01
2024/02/09,37.48,20213597.83
2024/02/12,37.69,10919762.83
2024/02/13,39.77,133267394.49
2024/02/14,40.24,112155312.09
2024/02/15,40.37,81475245.7
2024/02/16,40.52,25153279.45
2024/02/19,41.31,9231114.68
2024/02/20,41.18,28832560.83
2024/02/21,41.09,20489293.6023
2024/02/22,42.28,46996839.81
2024/02/23,41.58,36298721.31
2024/02/26,42.1,30500274.17
2024/02/27,41.26,23173422.17
2024/02/28,39.98,72139072.66
2024/02/29,40.72,57868920.59
2024/03/01,40.99,19537505.69
2024/03/04,40.25,64425114.06
2024/03/05,40.38,151483656.091
2024/03/06,40.61,32460378.8188
2024/03/07,40.13,21621506.3734
2024/03/08,42.44,121836904.1529
2024/03/11,42.0,55077441.4177
2024/03/12,44.26,227982127.3144
2024/03/13,44.04,60656824.3736
2024/03/14,43.56,165771406.5455
2024/03/15,44.07,187036181.8676
2024/03/19,43.93,53761729.17
2024/03/20,44.13,73611888.07
2024/03/21,44.16,152041796.65
2024/03/22,43.89,18816026.04
2024/03/25,44.54,21732588.65
2024/03/26,45.32,49063579.72
2024/03/27,45.34,55964136.46
2024/04/01,45.26,19592318.19
2024/04/02,44.24,15624478.37
2024/04/03,44.06,24919666.56
2024/04/04,43.47,12122273.48
2024/04/05,43.03,43696605.44
2024/04/08,43.33,16439164.19
2024/04/09,43.44,28724328.51
2024/04/10,43.2,24650600.92
2024/04/11,42.52,9656427.41
2024/04/12,42.38,27120500.21
2024/04/15,41.39,23320691.73
2024/04/16,41.29,27493816.15
2024/04/17,41.43,11845731.4
2024/04/18,41.16,26196488.77
2024/04/19,41.98,64500478.06
2024/04/22,42.63,40246263.03
2024/04/23,42.3,48286140.68
2024/04/24,42.4,17606629.8314
2024/04/25,43.33,16148472.0
2024/04/26,43.07,23646852.97
2024/04/29,43.49,43357264.27
2024/04/30,42.12,65842246.2
2024/05/02,42.28,46170252.2536
2024/05/03,42.1,51821146.4184
2024/05/06,42.01,144617015.99
2024/05/07,41.85,39351604.16
2024/05/08,41.83,64097542.84
2024/05/09,42.93,28311781.78
2024/05/10,42.44,12593225.36
2024/05/13,42.37,45148299.35
2024/05/14,42.67,63440580.9
2024/05/15,43.56,24241151.374
2024/05/16,43.71,80212798.225
2024/05/17,43.09,170606533.4275
2024/05/20,42.86,18101706.03
2024/05/21,42.04,25761229.83
2024/05/22,41.49,37895934.51
2024/05/23,41.44,39592199.57
2024/05/24,39.81,28753127.65
2024/05/27,40.46,10100338.2
2024/05/28,38.88,97923102.2
2024/05/29,38.49,38478236.21
2024/05/30,38.18,65594890.86
2024/05/31,38.23,52991585.03
2024/06/03,35.95,33154952.96
2024/06/04,36.57,30056280.4328
2024/06/05,37.95,65449634.06
2024/06/06,37.19,75236290.48
2024/06/07,36.51,66423057.22
2024/06/10,37.63,170356791.55
2024/06/11,37.82,34652590.38
2024/06/12,36.99,71555473.6
2024/06/13,36.43,29253354.18
2024/06/14,36.87,30910644.26
2024/06/17,37.31,9977553.33
2024/06/18,38.27,48490453.51
2024/06/19,38.24,10532141.46
2024/06/20,39.12,30556301.0
2024/06/21,38.33,290764650.0906
2024/06/24,38.65,38151325.17
2024/06/25,38.07,8671607.58
2024/06/26,37.77,18748952.98
2024/06/27,38.28,7256520.09
2024/06/28,39.13,18032049.37
2024/07/01,38.54,7162011.04
2024/07/02,38.52,14602761.32
2024/07/03,38.74,22423266.85
2024/07/04,38.63,9924625.7
2024/07/05,38.83,6370780.12
2024/07/08,38.88,80449425.9237
2024/07/09,38.85,65063571.704
2024/07/10,39.84,23633217.31
2024/07/11,39.99,8752643.63
2024/07/12,40.58,17106176.48
2024/07/15,40.15,3082010.54
2024/07/16,40.17,5605999.3
2024/07/17,39.44,10809747.95
2024/07/18,40.05,19957675.96
2024/07/19,40.44,15389002.0
2024/07/22,41.36,23925600.49
2024/07/23,41.73,7017078.58
2024/07/24,40.43,9722173.34
2024/07/25,39.53,14103211.72
2024/07/26,39.71,25907642.66
2024/07/29,40.84,57012488.31
2024/07/30,40.32,23110737.58
2024/07/31,40.07,13885932.83
2024/08/01,39.16,11345081.59
2024/08/02,38.41,21493711.26
2024/08/05,35.47,5915252.55
2024/08/06,35.87,72941506.85
2024/08/07,36.79,225613586.22
2024/08/08,36.29,994688990.45
2024/08/09,38.32,17612479.95
2024/08/12,38.75,7215316.82
2024/08/13,38.96,17355782.72
2024/08/14,38.15,32969588.83
2024/08/15,38.1,4712133.15
2024/08/16,38.12,29356159.52
2024/08/19,38.14,12290939.55
2024/08/20,38.0,12830049.62
2024/08/21,38.31,22921788.21
2024/08/22,38.29,6336253.9
2024/08/23,38.04,5759937.18
2024/08/26,38.46,11104520.81
2024/08/27,38.37,3546870.44
2024/08/28,38.41,1497152.42
2024/08/29,38.2,1644498.76
2024/08/30,37.61,15282257.95
2024/09/02,38.0,2756467.69
2024/09/03,38.03,3588768.59
2024/09/04,38.48,5165205.08
2024/09/05,38.14,6820996.37
2024/09/06,38.3,7014525.65
2024/09/09,37.85,4023737.63
2024/09/10,38.01,3401607.79
2024/09/11,37.9,2352801.8
2024/09/12,38.73,4726329.63
2024/09/13,38.85,4608973.69
2024/09/17,39.02,2452359.4
2024/09/18,39.09,869560.77
2024/09/19,38.42,10037105.76
2024/09/20,39.37,23702560.65
2024/09/23,37.71,4974669.34
2024/09/24,38.1,60694632.67
2024/09/25,38.21,11387053.76
2024/09/26,38.18,16469994.86
2024/09/27,38.05,30343954.32
2024/09/30,37.94,25246887.6
2024/10/02,38.01,39472920.51
2024/10/03,37.94,1242963.7
2024/10/04,37.92,8262656.66
2024/10/07,36.8,6764262.24
2024/10/08,37.38,3945296.09
2024/10/09,37.25,7130663.15
2024/10/10,37.54,37796446.1
2024/10/11,38.14,87753542.43
2024/10/14,38.38,3032185.69
2024/10/15,38.52,51691770.82
2024/10/16,38.47,35519996.89
2024/10/17,38.38,30282163.71
2024/10/18,38.39,38477250.45
2024/10/21,38.18,7192777.8
2024/10/22,37.64,4416020.03
2024/10/23,37.6,3546937.89
2024/10/24,37.28,57510892.79
2024/10/25,37.22,2282322.68
2024/10/28,37.23,10591297.69
2024/10/29,36.74,3548846.02
2024/10/30,36.02,1426979.66
2024/10/31,36.77,5196383.1
